sensor_id,timestamp,temperature,humidity,location,sensor_type
1095,2025-04-06T21:59:32.000-04:00,22.26,34.61,BuildingB_Floor1,TypeA
1091,2025-04-04T15:38:18.000-04:00,30.12,64.46,BuildingB_Floor1,TypeC
1014,2025-04-05T00:05:26.000-04:00,20.91,56.04,BuildingA_Floor1,TypeC
1013,2025-04-05T00:50:21.000-04:00,30.19,37.17,BuildingB_Floor2,TypeB
1071,2025-04-05T07:20:41.000-04:00,17.46,58.26,BuildingA_Floor2,TypeC
1099,2025-04-07T00:58:58.000-04:00,27.96,42.31,BuildingB_Floor2,TypeC
1076,2025-04-05T19:32:46.000-04:00,17.19,74.12,BuildingA_Floor1,TypeB
1035,2025-04-07T01:01:12.000-04:00,20.02,45.8,BuildingB_Floor1,TypeA
1095,2025-04-07T00:51:57.000-04:00,33.33,30.59,BuildingA_Floor1,TypeC
1024,2025-04-04T11:21:31.000-04:00,19.61,70.1,BuildingB_Floor1,TypeA
1020,2025-04-07T04:32:31.000-04:00,32.42,46.16,BuildingB_Floor2,TypeA
1075,2025-04-04T00:03:13.000-04:00,17.36,44.14,BuildingA_Floor1,TypeA
1096,2025-04-07T16:27:28.000-04:00,26.71,41.07,BuildingA_Floor2,TypeC
1064,2025-04-05T19:53:01.000-04:00,24.18,36.4,BuildingA_Floor1,TypeC
1027,2025-04-05T16:09:57.000-04:00,29.17,66.85,BuildingB_Floor2,TypeC
1059,2025-04-04T05:23:43.000-04:00,34.35,55.91,BuildingA_Floor1,TypeB
1000,2025-04-05T06:38:33.000-04:00,26.75,34.47,BuildingB_Floor1,TypeB
1056,2025-04-07T16:13:30.000-04:00,28.12,73.38,BuildingA_Floor1,TypeC
1100,2025-04-04T20:02:19.000-04:00,16.16,38.93,BuildingA_Floor1,TypeC
1049,2025-04-05T02:08:30.000-04:00,32.49,75.6,BuildingA_Floor2,TypeB
1027,2025-04-07T21:29:08.000-04:00,16.94,39.46,BuildingA_Floor2,TypeA
1048,2025-04-06T07:02:56.000-04:00,31.43,59.73,BuildingB_Floor1,TypeB
1079,2025-04-07T06:36:05.000-04:00,26.32,78.14,BuildingA_Floor1,TypeA
1044,2025-04-06T21:50:01.000-04:00,15.78,32.62,BuildingA_Floor2,TypeC
1040,2025-04-04T04:29:00.000-04:00,27.7,52.4,BuildingB_Floor2,TypeA
1084,2025-04-04T18:51:05.000-04:00,21.7,77.34,BuildingA_Floor2,TypeA
1014,2025-04-04T22:14:55.000-04:00,22.23,47.15,BuildingB_Floor2,TypeB
1031,2025-04-03T22:53:26.000-04:00,31.18,72.64,BuildingB_Floor1,TypeB
1003,2025-04-04T05:04:52.000-04:00,20.91,75.21,BuildingA_Floor1,TypeA
1001,2025-04-04T04:11:50.000-04:00,28.25,71.61,BuildingA_Floor2,TypeA
1020,2025-04-08T03:30:10.000-04:00,34.32,70.63,BuildingA_Floor2,TypeA
1088,2025-04-04T22:10:32.000-04:00,34.49,42.85,BuildingA_Floor1,TypeA
1059,2025-04-08T10:28:37.000-04:00,22.21,33.45,BuildingA_Floor2,TypeB
1064,2025-04-07T05:51:11.000-04:00,21.9,36.14,BuildingB_Floor1,TypeB
1043,2025-04-05T23:00:31.000-04:00,20.65,32.6,BuildingB_Floor1,TypeA
1024,2025-04-07T14:48:00.000-04:00,30.82,63.37,BuildingB_Floor1,TypeA
1003,2025-04-03T18:28:27.000-04:00,20.05,51.92,BuildingA_Floor1,TypeC
1079,2025-04-03T12:14:11.000-04:00,21.84,34.85,BuildingB_Floor1,TypeA
1026,2025-04-03T16:14:40.000-04:00,16.9,53.26,BuildingA_Floor2,TypeC
1037,2025-04-04T05:38:11.000-04:00,31.67,72.59,BuildingB_Floor1,TypeA
1056,2025-04-06T03:08:50.000-04:00,28.36,59.51,BuildingB_Floor2,TypeB
1062,2025-04-06T17:44:41.000-04:00,27.58,50.64,BuildingB_Floor2,TypeC
1087,2025-04-04T06:34:39.000-04:00,17.76,71.11,BuildingB_Floor1,TypeB
1098,2025-04-05T20:23:30.000-04:00,21.71,40.58,BuildingA_Floor2,TypeC
1083,2025-04-04T23:18:45.000-04:00,31.63,45.09,BuildingA_Floor2,TypeA
1066,2025-04-08T01:19:57.000-04:00,24.85,49.78,BuildingA_Floor2,TypeC
1077,2025-04-06T11:22:25.000-04:00,33.96,65.06,BuildingB_Floor2,TypeA
1049,2025-04-04T09:22:09.000-04:00,23.75,47.01,BuildingA_Floor2,TypeC
1012,2025-04-04T11:53:43.000-04:00,30.96,45.99,BuildingB_Floor1,TypeC
1064,2025-04-07T00:33:00.000-04:00,34.87,52.68,BuildingB_Floor1,TypeC
1084,2025-04-06T03:22:58.000-04:00,27.85,65.21,BuildingB_Floor1,TypeA
1064,2025-04-07T05:27:27.000-04:00,29.26,66.45,BuildingA_Floor1,TypeB
1069,2025-04-07T12:44:50.000-04:00,16.19,36.75,BuildingB_Floor2,TypeB
1003,2025-04-05T08:35:07.000-04:00,22.41,34.48,BuildingA_Floor1,TypeC
1053,2025-04-07T00:02:23.000-04:00,28.39,39.98,BuildingB_Floor2,TypeA
1069,2025-04-06T14:59:49.000-04:00,23.54,43.96,BuildingA_Floor2,TypeA
1040,2025-04-04T01:00:13.000-04:00,24.64,70.27,BuildingA_Floor1,TypeC
1070,2025-04-06T08:07:00.000-04:00,21.25,64.19,BuildingB_Floor1,TypeC
1093,2025-04-04T07:59:06.000-04:00,34.84,60.7,BuildingB_Floor2,TypeB
1011,2025-04-05T15:57:34.000-04:00,33.49,76.35,BuildingB_Floor1,TypeB
1089,2025-04-06T11:30:03.000-04:00,16.67,77.95,BuildingB_Floor1,TypeA
1001,2025-04-04T06:03:30.000-04:00,22.19,55.95,BuildingB_Floor2,TypeB
1076,2025-04-05T03:57:27.000-04:00,18.73,63.46,BuildingA_Floor2,TypeB
1003,2025-04-05T19:23:33.000-04:00,16.64,49.13,BuildingA_Floor1,TypeB
1081,2025-04-04T11:10:44.000-04:00,15.72,38.43,BuildingB_Floor1,TypeB
1036,2025-04-08T04:51:01.000-04:00,27.21,33.25,BuildingB_Floor1,TypeA
1042,2025-04-08T04:35:58.000-04:00,16.94,35.87,BuildingA_Floor1,TypeB
1033,2025-04-04T16:31:26.000-04:00,18.76,72.91,BuildingB_Floor1,TypeA
1072,2025-04-06T14:11:22.000-04:00,15.65,54.71,BuildingB_Floor2,TypeA
1014,2025-04-03T14:48:52.000-04:00,19.29,66.88,BuildingB_Floor1,TypeB
1060,2025-04-06T01:26:54.000-04:00,33.05,36.23,BuildingA_Floor1,TypeC
1071,2025-04-06T20:25:18.000-04:00,31.81,35.02,BuildingB_Floor2,TypeC
1100,2025-04-05T23:04:35.000-04:00,32.37,38.15,BuildingA_Floor2,TypeC
1083,2025-04-03T23:42:30.000-04:00,15.63,33.19,BuildingA_Floor2,TypeA
1055,2025-04-06T11:15:11.000-04:00,21.35,73.78,BuildingB_Floor2,TypeB
1067,2025-04-04T17:13:44.000-04:00,22.73,66.49,BuildingA_Floor2,TypeB
1076,2025-04-06T00:08:12.000-04:00,20.04,57.35,BuildingA_Floor1,TypeA
1034,2025-04-04T03:07:16.000-04:00,28.88,47.49,BuildingB_Floor2,TypeC
1067,2025-04-08T03:00:33.000-04:00,19.76,63.44,BuildingA_Floor2,TypeA
1040,2025-04-04T22:34:51.000-04:00,29.62,76.12,BuildingA_Floor2,TypeA
1003,2025-04-04T14:14:30.000-04:00,23.92,40.27,BuildingB_Floor1,TypeA
1033,2025-04-04T23:17:24.000-04:00,24.95,45.83,BuildingA_Floor1,TypeB
1063,2025-04-04T21:33:34.000-04:00,18.88,60.36,BuildingA_Floor2,TypeB
1083,2025-04-04T07:42:20.000-04:00,18.22,62.3,BuildingA_Floor1,TypeC
1060,2025-04-03T11:57:03.000-04:00,20.72,59.71,BuildingB_Floor2,TypeB
1090,2025-04-05T03:50:38.000-04:00,15.13,79.17,BuildingA_Floor1,TypeC
1039,2025-04-04T01:01:10.000-04:00,32.96,35.29,BuildingB_Floor1,TypeA
1037,2025-04-05T12:24:48.000-04:00,32.74,76.05,BuildingB_Floor2,TypeB
1047,2025-04-07T02:32:25.000-04:00,23.77,79.24,BuildingB_Floor2,TypeB
1063,2025-04-07T07:46:07.000-04:00,33.84,40.43,BuildingA_Floor2,TypeA
1021,2025-04-07T17:27:58.000-04:00,26.19,44.39,BuildingB_Floor2,TypeA
1041,2025-04-06T21:53:46.000-04:00,21.59,67.71,BuildingA_Floor1,TypeB
1031,2025-04-06T18:03:23.000-04:00,20.6,50.16,BuildingB_Floor1,TypeC
1085,2025-04-04T14:13:02.000-04:00,33.36,66.86,BuildingA_Floor2,TypeC
1021,2025-04-07T12:42:39.000-04:00,17.55,44.8,BuildingA_Floor2,TypeA
1000,2025-04-08T02:28:10.000-04:00,19.19,33.56,BuildingB_Floor1,TypeA
1026,2025-04-08T07:24:50.000-04:00,31.78,74.1,BuildingB_Floor1,TypeA
1091,2025-04-08T07:42:04.000-04:00,22.39,70.56,BuildingB_Floor2,TypeB
1083,2025-04-03T21:06:58.000-04:00,22.97,53.86,BuildingB_Floor1,TypeB
1014,2025-04-03T17:47:51.000-04:00,25.5,74.64,BuildingB_Floor2,TypeC
1091,2025-04-07T12:35:45.000-04:00,32.49,54.86,BuildingA_Floor2,TypeA
1035,2025-04-06T02:35:06.000-04:00,26.44,53.88,BuildingB_Floor1,TypeB
1002,2025-04-08T05:02:58.000-04:00,21.88,66.19,BuildingB_Floor1,TypeC
1054,2025-04-06T12:59:06.000-04:00,25.06,44.1,BuildingA_Floor1,TypeC
1075,2025-04-07T18:53:54.000-04:00,28.12,78.12,BuildingA_Floor1,TypeA
1063,2025-04-06T19:11:34.000-04:00,34.23,53.15,BuildingA_Floor1,TypeA
1003,2025-04-06T17:43:11.000-04:00,24.96,55.1,BuildingA_Floor2,TypeA
1022,2025-04-07T17:49:56.000-04:00,23.63,38.65,BuildingB_Floor2,TypeA
1094,2025-04-04T06:05:59.000-04:00,28.21,60.92,BuildingA_Floor2,TypeB
1022,2025-04-03T23:42:22.000-04:00,22.59,43.81,BuildingA_Floor2,TypeB
1010,2025-04-07T09:00:36.000-04:00,27.06,30.69,BuildingA_Floor2,TypeC
1032,2025-04-05T23:53:53.000-04:00,29.22,68.06,BuildingB_Floor1,TypeC
1092,2025-04-04T20:16:37.000-04:00,31.77,64.9,BuildingB_Floor1,TypeC
1088,2025-04-04T16:07:25.000-04:00,28.98,73.63,BuildingA_Floor2,TypeC
1073,2025-04-08T00:55:42.000-04:00,29.19,78.71,BuildingA_Floor2,TypeB
1085,2025-04-03T16:04:23.000-04:00,32.16,41.24,BuildingA_Floor1,TypeA
1000,2025-04-06T11:23:52.000-04:00,15.26,60.27,BuildingA_Floor2,TypeB
1035,2025-04-04T17:16:28.000-04:00,25.4,38.55,BuildingB_Floor2,TypeC
1035,2025-04-04T23:43:07.000-04:00,19.22,43.2,BuildingA_Floor1,TypeC
1018,2025-04-05T18:08:01.000-04:00,30.37,34.77,BuildingA_Floor1,TypeB
1083,2025-04-05T05:10:16.000-04:00,19.64,68.17,BuildingB_Floor2,TypeB
1082,2025-04-07T23:00:20.000-04:00,30.85,67.55,BuildingB_Floor2,TypeC
1039,2025-04-06T15:57:23.000-04:00,24.58,43.8,BuildingB_Floor1,TypeB
1002,2025-04-06T01:49:07.000-04:00,34.18,62.81,BuildingB_Floor2,TypeB
1088,2025-04-04T17:08:38.000-04:00,18.63,49.75,BuildingA_Floor1,TypeA
1058,2025-04-03T23:42:48.000-04:00,21.99,59.79,BuildingA_Floor2,TypeC
1024,2025-04-06T04:08:09.000-04:00,18.94,72.66,BuildingA_Floor2,TypeA
1013,2025-04-07T15:20:31.000-04:00,26.72,67.32,BuildingB_Floor2,TypeA
1063,2025-04-05T22:13:42.000-04:00,25.82,73.33,BuildingB_Floor2,TypeB
1011,2025-04-03T15:52:29.000-04:00,17.91,40.04,BuildingA_Floor2,TypeA
1009,2025-04-05T03:34:26.000-04:00,26.15,65.2,BuildingA_Floor2,TypeB
1035,2025-04-08T10:20:12.000-04:00,28.61,79.13,BuildingA_Floor2,TypeA
1048,2025-04-05T20:13:08.000-04:00,33.27,50.51,BuildingA_Floor2,TypeA
1076,2025-04-05T23:10:00.000-04:00,31.16,78.07,BuildingA_Floor1,TypeB
1078,2025-04-04T10:39:20.000-04:00,19.61,50.2,BuildingA_Floor2,TypeB
1054,2025-04-07T11:51:12.000-04:00,33.14,51.09,BuildingA_Floor2,TypeA
1086,2025-04-04T14:27:48.000-04:00,22.99,46.53,BuildingB_Floor1,TypeC
1088,2025-04-06T02:28:26.000-04:00,31.12,46.31,BuildingA_Floor2,TypeB
1014,2025-04-06T00:31:14.000-04:00,32.02,31.57,BuildingB_Floor1,TypeA
1079,2025-04-04T09:24:38.000-04:00,26.41,58.9,BuildingB_Floor1,TypeC
1022,2025-04-07T14:20:45.000-04:00,22.5,46.26,BuildingB_Floor2,TypeA
1004,2025-04-07T09:45:38.000-04:00,34.75,38.55,BuildingA_Floor2,TypeB
1000,2025-04-07T22:57:14.000-04:00,31.93,67.73,BuildingB_Floor2,TypeC
1012,2025-04-08T05:25:56.000-04:00,28.03,52.71,BuildingB_Floor2,TypeB
1022,2025-04-05T02:50:25.000-04:00,33.62,63.54,BuildingB_Floor1,TypeB
1045,2025-04-06T23:12:52.000-04:00,32.47,67.42,BuildingB_Floor1,TypeC
1090,2025-04-05T17:04:44.000-04:00,24.7,53.2,BuildingB_Floor1,TypeB
1065,2025-04-04T07:24:27.000-04:00,15.46,59.05,BuildingB_Floor1,TypeA
1037,2025-04-06T20:41:29.000-04:00,26.93,41.64,BuildingA_Floor1,TypeA
1050,2025-04-06T14:12:22.000-04:00,26.2,75.33,BuildingA_Floor2,TypeB
1047,2025-04-05T11:38:37.000-04:00,30.46,59.33,BuildingA_Floor2,TypeB
1075,2025-04-07T14:13:09.000-04:00,30.41,75.97,BuildingA_Floor2,TypeC
1057,2025-04-05T17:46:18.000-04:00,16.05,59.91,BuildingA_Floor2,TypeC
1032,2025-04-06T15:32:45.000-04:00,19.23,78.79,BuildingA_Floor1,TypeB
1086,2025-04-07T11:38:33.000-04:00,32.56,48.56,BuildingA_Floor2,TypeA
1045,2025-04-04T22:15:56.000-04:00,24.48,67.97,BuildingA_Floor1,TypeA
1087,2025-04-05T20:06:51.000-04:00,18.4,53.24,BuildingB_Floor2,TypeA
1080,2025-04-04T10:51:36.000-04:00,29.5,42.84,BuildingB_Floor1,TypeB
1005,2025-04-06T17:50:22.000-04:00,29.3,78.9,BuildingA_Floor2,TypeB
1040,2025-04-08T05:20:11.000-04:00,21.63,47.26,BuildingA_Floor2,TypeB
1096,2025-04-05T19:33:42.000-04:00,19.8,37.4,BuildingA_Floor1,TypeB
1087,2025-04-05T07:07:04.000-04:00,31.88,71.92,BuildingA_Floor2,TypeB
1002,2025-04-06T09:33:08.000-04:00,17.7,70.96,BuildingB_Floor2,TypeB
1011,2025-04-04T23:38:53.000-04:00,17.48,44.41,BuildingA_Floor1,TypeB
1052,2025-04-05T05:18:48.000-04:00,29.33,49.82,BuildingB_Floor2,TypeC
1021,2025-04-05T00:55:58.000-04:00,32.43,72.88,BuildingB_Floor1,TypeA
1022,2025-04-03T16:09:14.000-04:00,30.36,74.61,BuildingA_Floor2,TypeA
1052,2025-04-03T14:48:10.000-04:00,21.36,46.49,BuildingB_Floor2,TypeB
1064,2025-04-07T21:56:29.000-04:00,19.14,72.92,BuildingB_Floor1,TypeA
1073,2025-04-07T21:27:33.000-04:00,19.87,37.2,BuildingB_Floor1,TypeC
1030,2025-04-06T14:26:06.000-04:00,25.49,49.12,BuildingB_Floor2,TypeB
1009,2025-04-04T09:33:26.000-04:00,24.06,49.25,BuildingB_Floor2,TypeC
1087,2025-04-04T03:33:54.000-04:00,31.18,52.78,BuildingA_Floor1,TypeB
1014,2025-04-05T15:37:53.000-04:00,24.6,62.63,BuildingA_Floor1,TypeB
1060,2025-04-07T18:42:48.000-04:00,29.15,50.92,BuildingA_Floor2,TypeC
1014,2025-04-06T22:07:40.000-04:00,18.3,51.71,BuildingB_Floor2,TypeB
1074,2025-04-07T01:31:07.000-04:00,23.18,42.89,BuildingA_Floor1,TypeA
1080,2025-04-04T09:18:14.000-04:00,34.58,57.95,BuildingB_Floor1,TypeC
1077,2025-04-06T00:18:00.000-04:00,27.35,56.45,BuildingB_Floor1,TypeB
1095,2025-04-08T01:37:21.000-04:00,34.94,52.1,BuildingA_Floor1,TypeC
1099,2025-04-08T00:15:26.000-04:00,19.18,42.55,BuildingB_Floor2,TypeA
1090,2025-04-06T22:33:11.000-04:00,33.22,42.43,BuildingB_Floor1,TypeC
1097,2025-04-08T07:05:25.000-04:00,28.59,49.48,BuildingB_Floor2,TypeB
1025,2025-04-03T14:25:00.000-04:00,17.85,45.69,BuildingA_Floor2,TypeC
1083,2025-04-06T17:44:08.000-04:00,26.46,52.1,BuildingB_Floor1,TypeA
1024,2025-04-05T19:48:40.000-04:00,34.78,62.23,BuildingA_Floor2,TypeC
1057,2025-04-03T23:42:16.000-04:00,33.62,49.65,BuildingA_Floor2,TypeB
1068,2025-04-06T03:20:17.000-04:00,25.71,32.94,BuildingA_Floor1,TypeB
1098,2025-04-06T19:54:00.000-04:00,27.96,30.04,BuildingB_Floor1,TypeA
1045,2025-04-07T06:21:07.000-04:00,26.05,38.41,BuildingA_Floor1,TypeC
1054,2025-04-06T03:05:44.000-04:00,32.09,46.05,BuildingB_Floor1,TypeA
1041,2025-04-06T20:16:18.000-04:00,26.21,67.74,BuildingA_Floor2,TypeA
1085,2025-04-04T05:23:27.000-04:00,17.72,32.44,BuildingB_Floor2,TypeC
1074,2025-04-06T01:17:22.000-04:00,15.16,60.23,BuildingB_Floor2,TypeB
1006,2025-04-06T16:08:53.000-04:00,30.45,62.8,BuildingB_Floor2,TypeC
1046,2025-04-03T15:19:02.000-04:00,28.13,41.79,BuildingA_Floor1,TypeB
1077,2025-04-05T04:40:21.000-04:00,17.2,53.23,BuildingB_Floor1,TypeB
1027,2025-04-06T21:32:56.000-04:00,31.44,41.92,BuildingA_Floor1,TypeC
1079,2025-04-06T10:09:10.000-04:00,21.51,49.96,BuildingB_Floor1,TypeC
1048,2025-04-07T17:01:55.000-04:00,19.88,63.39,BuildingB_Floor2,TypeC
1030,2025-04-08T03:19:05.000-04:00,29.38,40.74,BuildingA_Floor1,TypeC
1066,2025-04-03T18:54:21.000-04:00,15.56,59.7,BuildingB_Floor2,TypeA
1006,2025-04-06T00:08:36.000-04:00,21.3,59.02,BuildingA_Floor1,TypeA
1095,2025-04-05T04:47:47.000-04:00,29.78,57.23,BuildingA_Floor1,TypeA
1012,2025-04-06T16:19:54.000-04:00,28.1,79.57,BuildingB_Floor2,TypeC
1061,2025-04-04T02:40:01.000-04:00,20.53,67.9,BuildingB_Floor1,TypeC
1018,2025-04-03T15:14:11.000-04:00,20.33,35.26,BuildingB_Floor2,TypeB
1064,2025-04-04T01:41:05.000-04:00,26.11,72.18,BuildingB_Floor2,TypeB
1037,2025-04-08T04:38:57.000-04:00,18.56,49.73,BuildingA_Floor2,TypeA
1093,2025-04-07T01:40:46.000-04:00,33.87,38.14,BuildingA_Floor2,TypeC
1083,2025-04-06T05:40:05.000-04:00,30.8,67.75,BuildingA_Floor1,TypeC
1025,2025-04-07T15:13:54.000-04:00,30.2,50.45,BuildingA_Floor2,TypeB
1046,2025-04-04T18:54:22.000-04:00,30.76,73.82,BuildingB_Floor1,TypeA
1081,2025-04-03T23:06:49.000-04:00,19.55,30.08,BuildingB_Floor1,TypeB
1028,2025-04-04T06:06:54.000-04:00,22.88,49.19,BuildingB_Floor1,TypeA
1085,2025-04-05T04:33:15.000-04:00,27.97,31.03,BuildingB_Floor1,TypeA
1019,2025-04-03T14:34:44.000-04:00,16.21,40.66,BuildingA_Floor2,TypeC
1093,2025-04-03T18:47:52.000-04:00,31.55,55.76,BuildingA_Floor2,TypeC
1035,2025-04-08T03:48:44.000-04:00,22.89,75.75,BuildingA_Floor2,TypeA
1025,2025-04-07T23:17:36.000-04:00,23.92,57.82,BuildingB_Floor1,TypeA
1078,2025-04-04T14:28:21.000-04:00,31.73,34.61,BuildingA_Floor1,TypeA
1028,2025-04-04T02:39:30.000-04:00,22.67,70.35,BuildingA_Floor2,TypeC
1035,2025-04-05T00:29:23.000-04:00,21.64,40.43,BuildingA_Floor2,TypeC
1077,2025-04-06T06:37:10.000-04:00,18.32,32.34,BuildingB_Floor2,TypeA
1041,2025-04-06T23:46:26.000-04:00,16.0,47.6,BuildingA_Floor2,TypeB
1055,2025-04-05T07:20:24.000-04:00,16.84,32.86,BuildingB_Floor2,TypeA
1078,2025-04-08T07:39:36.000-04:00,26.44,41.65,BuildingB_Floor2,TypeA
1074,2025-04-07T14:34:07.000-04:00,18.94,70.18,BuildingA_Floor2,TypeB
1046,2025-04-06T04:05:42.000-04:00,30.69,48.61,BuildingB_Floor2,TypeC
1032,2025-04-08T03:26:08.000-04:00,30.1,61.76,BuildingA_Floor1,TypeA
1031,2025-04-06T01:54:13.000-04:00,17.12,75.42,BuildingA_Floor2,TypeB
1014,2025-04-05T12:49:20.000-04:00,17.38,79.82,BuildingA_Floor2,TypeC
1093,2025-04-06T10:26:40.000-04:00,28.14,66.22,BuildingB_Floor1,TypeC
1002,2025-04-08T07:26:11.000-04:00,32.95,32.83,BuildingA_Floor1,TypeA
1100,2025-04-04T16:58:33.000-04:00,23.3,73.19,BuildingB_Floor1,TypeC
1030,2025-04-05T11:22:01.000-04:00,22.89,61.14,BuildingA_Floor2,TypeA
1029,2025-04-05T15:16:48.000-04:00,30.28,50.96,BuildingB_Floor1,TypeA
1003,2025-04-07T05:22:54.000-04:00,20.58,67.76,BuildingB_Floor2,TypeC
1081,2025-04-03T14:39:21.000-04:00,19.53,47.23,BuildingB_Floor1,TypeB
1003,2025-04-06T19:25:21.000-04:00,32.73,53.96,BuildingA_Floor1,TypeB
1051,2025-04-08T06:00:05.000-04:00,21.68,33.44,BuildingB_Floor1,TypeB
1092,2025-04-05T23:17:09.000-04:00,17.69,40.68,BuildingA_Floor2,TypeC
1043,2025-04-05T10:28:34.000-04:00,29.94,44.97,BuildingA_Floor2,TypeB
1028,2025-04-03T20:31:47.000-04:00,18.25,56.08,BuildingB_Floor2,TypeB
1030,2025-04-06T05:47:25.000-04:00,29.3,64.21,BuildingB_Floor2,TypeB
1100,2025-04-07T15:26:04.000-04:00,23.65,73.64,BuildingA_Floor2,TypeB
1029,2025-04-07T09:12:07.000-04:00,33.72,37.45,BuildingA_Floor1,TypeB
1088,2025-04-07T09:24:18.000-04:00,33.28,66.71,BuildingB_Floor2,TypeB
1028,2025-04-07T20:41:03.000-04:00,34.95,33.33,BuildingA_Floor1,TypeA
1084,2025-04-04T11:47:43.000-04:00,28.16,35.35,BuildingB_Floor2,TypeA
1004,2025-04-06T23:55:24.000-04:00,15.71,70.64,BuildingA_Floor2,TypeA
1000,2025-04-06T08:03:58.000-04:00,34.72,45.15,BuildingB_Floor1,TypeB
1026,2025-04-06T03:02:06.000-04:00,15.29,76.7,BuildingA_Floor1,TypeB
1069,2025-04-06T17:06:45.000-04:00,17.77,79.88,BuildingA_Floor2,TypeA
1024,2025-04-07T18:36:02.000-04:00,20.06,49.85,BuildingA_Floor2,TypeB
1042,2025-04-04T23:37:56.000-04:00,34.1,73.04,BuildingA_Floor1,TypeA
1075,2025-04-04T21:28:39.000-04:00,30.84,65.84,BuildingA_Floor1,TypeC
1026,2025-04-06T05:51:54.000-04:00,21.0,32.74,BuildingA_Floor1,TypeC
1000,2025-04-03T12:35:24.000-04:00,24.47,56.52,BuildingB_Floor2,TypeB
1024,2025-04-05T18:11:48.000-04:00,23.56,37.24,BuildingA_Floor2,TypeB
1084,2025-04-04T22:39:29.000-04:00,16.32,47.99,BuildingB_Floor1,TypeC
1001,2025-04-08T01:47:24.000-04:00,24.59,40.13,BuildingB_Floor2,TypeB
1004,2025-04-06T12:45:11.000-04:00,29.16,49.53,BuildingA_Floor1,TypeA
1024,2025-04-03T15:27:12.000-04:00,32.66,70.85,BuildingB_Floor1,TypeA
1065,2025-04-06T09:32:43.000-04:00,30.96,41.38,BuildingB_Floor1,TypeC
1060,2025-04-06T21:45:30.000-04:00,29.01,43.44,BuildingA_Floor2,TypeA
1017,2025-04-04T01:07:07.000-04:00,17.68,40.13,BuildingB_Floor1,TypeA
1094,2025-04-07T20:20:46.000-04:00,20.09,49.47,BuildingA_Floor1,TypeC
1038,2025-04-08T06:29:31.000-04:00,16.34,46.53,BuildingB_Floor1,TypeA
1053,2025-04-07T02:09:39.000-04:00,16.94,75.92,BuildingB_Floor1,TypeA
1029,2025-04-03T16:55:52.000-04:00,18.59,65.78,BuildingB_Floor1,TypeC
1090,2025-04-04T07:38:52.000-04:00,21.04,74.91,BuildingB_Floor1,TypeC
1006,2025-04-06T11:33:48.000-04:00,31.92,79.35,BuildingB_Floor2,TypeC
1077,2025-04-03T20:28:09.000-04:00,32.57,48.9,BuildingA_Floor2,TypeB
1094,2025-04-03T15:13:47.000-04:00,19.04,49.82,BuildingB_Floor1,TypeB
1089,2025-04-06T09:42:21.000-04:00,26.36,35.0,BuildingB_Floor1,TypeB
1001,2025-04-07T18:00:31.000-04:00,29.95,68.53,BuildingB_Floor2,TypeC
1014,2025-04-03T15:16:12.000-04:00,26.73,78.08,BuildingA_Floor2,TypeC
1040,2025-04-04T05:36:53.000-04:00,28.62,56.72,BuildingA_Floor1,TypeA
1033,2025-04-04T16:48:10.000-04:00,32.2,52.5,BuildingA_Floor2,TypeA
1041,2025-04-07T00:29:58.000-04:00,31.6,70.53,BuildingB_Floor1,TypeA
1087,2025-04-04T00:38:50.000-04:00,33.65,54.88,BuildingA_Floor1,TypeA
1096,2025-04-08T05:11:21.000-04:00,26.17,78.53,BuildingB_Floor2,TypeB
1098,2025-04-03T19:16:47.000-04:00,20.96,58.46,BuildingB_Floor2,TypeA
1013,2025-04-06T12:21:30.000-04:00,29.65,46.48,BuildingB_Floor1,TypeC
1079,2025-04-08T01:23:12.000-04:00,15.3,30.41,BuildingB_Floor2,TypeB
1072,2025-04-07T12:41:35.000-04:00,15.33,60.53,BuildingA_Floor1,TypeC
1046,2025-04-04T17:00:12.000-04:00,32.24,77.52,BuildingA_Floor1,TypeA
1026,2025-04-05T22:10:26.000-04:00,22.77,50.5,BuildingA_Floor1,TypeB
1065,2025-04-05T18:20:49.000-04:00,18.85,60.38,BuildingB_Floor2,TypeC
1070,2025-04-08T05:31:26.000-04:00,18.34,46.12,BuildingA_Floor2,TypeB
1013,2025-04-05T11:26:40.000-04:00,28.97,38.93,BuildingA_Floor1,TypeC
1039,2025-04-04T18:28:39.000-04:00,22.08,73.87,BuildingB_Floor1,TypeA
1047,2025-04-07T22:31:53.000-04:00,15.74,44.91,BuildingB_Floor2,TypeB
1053,2025-04-07T14:51:10.000-04:00,33.32,43.68,BuildingB_Floor1,TypeC
1095,2025-04-06T05:29:24.000-04:00,17.74,75.36,BuildingA_Floor2,TypeA
1071,2025-04-06T07:09:31.000-04:00,31.03,49.18,BuildingA_Floor2,TypeA
1009,2025-04-04T05:43:37.000-04:00,19.83,68.65,BuildingB_Floor2,TypeB
1074,2025-04-06T23:02:02.000-04:00,26.27,75.01,BuildingA_Floor1,TypeC
1028,2025-04-07T21:12:09.000-04:00,32.56,58.58,BuildingA_Floor1,TypeA
1080,2025-04-07T09:08:07.000-04:00,34.8,48.1,BuildingB_Floor2,TypeA
1037,2025-04-07T09:27:22.000-04:00,29.23,30.65,BuildingA_Floor1,TypeC
1083,2025-04-06T01:07:13.000-04:00,31.93,52.66,BuildingA_Floor1,TypeC
1085,2025-04-05T09:34:48.000-04:00,15.6,78.82,BuildingB_Floor2,TypeB
1081,2025-04-05T10:51:17.000-04:00,17.14,79.08,BuildingB_Floor1,TypeB
1094,2025-04-03T19:50:57.000-04:00,30.56,30.41,BuildingA_Floor1,TypeB
1002,2025-04-06T23:51:13.000-04:00,29.53,59.67,BuildingA_Floor1,TypeC
1044,2025-04-05T01:13:50.000-04:00,33.92,42.19,BuildingA_Floor1,TypeC
1051,2025-04-05T18:34:22.000-04:00,22.44,57.72,BuildingA_Floor1,TypeC
1037,2025-04-03T21:24:23.000-04:00,20.93,69.55,BuildingA_Floor2,TypeB
1046,2025-04-07T20:44:14.000-04:00,22.88,63.33,BuildingA_Floor2,TypeA
1020,2025-04-05T02:52:10.000-04:00,31.75,76.93,BuildingB_Floor1,TypeC
1007,2025-04-05T21:08:04.000-04:00,25.01,46.12,BuildingA_Floor2,TypeC
1040,2025-04-06T00:23:54.000-04:00,15.02,73.66,BuildingA_Floor2,TypeC
1000,2025-04-04T18:54:44.000-04:00,30.1,59.24,BuildingB_Floor1,TypeA
1090,2025-04-07T14:06:54.000-04:00,34.25,67.91,BuildingA_Floor1,TypeB
1100,2025-04-05T19:50:39.000-04:00,17.33,61.54,BuildingA_Floor2,TypeA
1085,2025-04-05T20:06:39.000-04:00,30.12,35.07,BuildingA_Floor1,TypeC
1027,2025-04-03T23:18:31.000-04:00,24.09,79.06,BuildingA_Floor2,TypeB
1061,2025-04-06T07:42:01.000-04:00,17.51,31.21,BuildingA_Floor2,TypeB
1067,2025-04-08T03:23:55.000-04:00,15.51,56.3,BuildingA_Floor1,TypeC
1095,2025-04-06T23:38:21.000-04:00,29.51,50.56,BuildingB_Floor1,TypeB
1051,2025-04-05T09:30:24.000-04:00,29.74,52.22,BuildingB_Floor1,TypeC
1095,2025-04-05T19:32:44.000-04:00,25.81,38.3,BuildingA_Floor1,TypeC
1014,2025-04-03T21:54:26.000-04:00,18.95,55.02,BuildingA_Floor1,TypeB
1094,2025-04-04T17:51:51.000-04:00,34.75,31.35,BuildingB_Floor2,TypeB
1082,2025-04-05T02:14:57.000-04:00,27.9,39.65,BuildingA_Floor2,TypeB
1093,2025-04-06T01:39:59.000-04:00,30.42,71.69,BuildingA_Floor2,TypeA
1014,2025-04-03T13:21:26.000-04:00,22.5,74.57,BuildingA_Floor1,TypeC
1014,2025-04-05T13:48:27.000-04:00,17.74,39.63,BuildingA_Floor2,TypeA
1094,2025-04-07T00:16:26.000-04:00,21.73,68.68,BuildingA_Floor1,TypeB
1020,2025-04-05T22:33:51.000-04:00,31.48,76.67,BuildingA_Floor2,TypeA
1067,2025-04-05T19:11:55.000-04:00,22.89,72.9,BuildingB_Floor1,TypeB
1040,2025-04-03T16:10:37.000-04:00,34.16,66.54,BuildingB_Floor2,TypeC
1066,2025-04-07T18:31:26.000-04:00,32.61,48.68,BuildingA_Floor2,TypeB
1058,2025-04-05T04:57:24.000-04:00,23.89,36.22,BuildingA_Floor2,TypeC
1081,2025-04-07T07:55:37.000-04:00,32.82,41.16,BuildingA_Floor1,TypeC
1010,2025-04-07T08:04:25.000-04:00,32.45,70.47,BuildingB_Floor2,TypeB
1057,2025-04-05T01:30:17.000-04:00,30.7,72.9,BuildingA_Floor2,TypeA
1064,2025-04-07T18:27:41.000-04:00,29.26,57.06,BuildingA_Floor1,TypeB
1073,2025-04-05T09:23:57.000-04:00,25.5,31.6,BuildingB_Floor1,TypeC
1092,2025-04-04T22:32:10.000-04:00,30.68,77.62,BuildingA_Floor2,TypeC
1023,2025-04-03T19:02:33.000-04:00,22.85,33.6,BuildingA_Floor1,TypeA
1078,2025-04-06T02:10:33.000-04:00,33.36,58.68,BuildingA_Floor2,TypeB
1073,2025-04-06T08:05:51.000-04:00,18.27,49.46,BuildingA_Floor2,TypeB
1014,2025-04-03T21:19:30.000-04:00,34.31,37.39,BuildingB_Floor1,TypeC
1093,2025-04-04T08:04:58.000-04:00,33.41,60.45,BuildingB_Floor1,TypeB
1016,2025-04-06T15:15:13.000-04:00,20.56,37.5,BuildingB_Floor1,TypeA
1005,2025-04-06T14:06:44.000-04:00,29.05,46.16,BuildingB_Floor2,TypeB
1016,2025-04-04T16:14:27.000-04:00,23.44,32.4,BuildingB_Floor2,TypeB
1096,2025-04-05T14:58:12.000-04:00,17.31,61.3,BuildingB_Floor2,TypeA
1026,2025-04-07T18:59:39.000-04:00,20.77,42.96,BuildingB_Floor1,TypeB
1095,2025-04-08T01:49:11.000-04:00,33.82,71.57,BuildingA_Floor2,TypeB
1058,2025-04-04T21:32:56.000-04:00,17.8,63.28,BuildingA_Floor2,TypeA
1012,2025-04-06T22:37:40.000-04:00,20.2,57.41,BuildingB_Floor2,TypeA
1018,2025-04-04T06:12:40.000-04:00,30.0,71.98,BuildingB_Floor1,TypeC
1098,2025-04-04T20:26:12.000-04:00,24.23,55.29,BuildingA_Floor2,TypeA
1046,2025-04-07T15:01:06.000-04:00,29.88,49.65,BuildingA_Floor2,TypeB
1089,2025-04-06T11:22:44.000-04:00,20.22,51.06,BuildingA_Floor1,TypeB
1023,2025-04-05T10:43:54.000-04:00,15.96,78.72,BuildingB_Floor2,TypeC
1064,2025-04-05T14:53:28.000-04:00,22.66,78.83,BuildingA_Floor1,TypeC
1051,2025-04-07T22:15:37.000-04:00,19.77,65.45,BuildingA_Floor1,TypeB
1094,2025-04-03T22:31:16.000-04:00,16.8,58.92,BuildingB_Floor1,TypeC
1032,2025-04-07T13:43:27.000-04:00,29.81,47.91,BuildingA_Floor1,TypeB
1062,2025-04-06T00:08:04.000-04:00,33.06,77.01,BuildingA_Floor1,TypeA
1055,2025-04-04T13:42:03.000-04:00,15.37,63.13,BuildingA_Floor1,TypeB
1078,2025-04-05T21:52:22.000-04:00,23.9,57.06,BuildingA_Floor2,TypeA
1029,2025-04-06T17:28:59.000-04:00,24.13,45.09,BuildingA_Floor1,TypeB
1044,2025-04-07T11:45:54.000-04:00,15.32,68.39,BuildingA_Floor1,TypeA
1075,2025-04-04T06:58:53.000-04:00,26.21,35.52,BuildingB_Floor2,TypeC
1017,2025-04-05T14:57:46.000-04:00,19.75,78.55,BuildingA_Floor2,TypeC
1087,2025-04-04T14:42:32.000-04:00,19.0,41.4,BuildingB_Floor1,TypeB
1004,2025-04-07T22:41:25.000-04:00,33.01,37.23,BuildingB_Floor1,TypeC
1100,2025-04-04T13:09:11.000-04:00,22.88,58.16,BuildingB_Floor1,TypeC
1074,2025-04-04T07:43:00.000-04:00,30.97,45.52,BuildingB_Floor2,TypeB
1076,2025-04-06T06:20:36.000-04:00,25.44,54.81,BuildingA_Floor1,TypeB
1052,2025-04-08T09:02:38.000-04:00,26.38,72.3,BuildingA_Floor1,TypeC
1070,2025-04-08T06:09:42.000-04:00,25.64,73.07,BuildingA_Floor1,TypeA
1066,2025-04-03T18:49:42.000-04:00,30.95,55.1,BuildingA_Floor2,TypeA
1008,2025-04-05T03:00:57.000-04:00,24.12,74.43,BuildingA_Floor2,TypeB
1074,2025-04-03T18:21:55.000-04:00,25.86,64.04,BuildingA_Floor2,TypeA
1077,2025-04-04T04:47:59.000-04:00,20.57,34.54,BuildingA_Floor2,TypeB
1018,2025-04-03T20:20:11.000-04:00,28.34,56.46,BuildingB_Floor1,TypeA
1088,2025-04-04T11:37:53.000-04:00,26.89,39.57,BuildingB_Floor2,TypeA
1018,2025-04-06T08:45:28.000-04:00,22.38,69.43,BuildingB_Floor2,TypeB
1000,2025-04-05T20:12:07.000-04:00,23.6,66.47,BuildingB_Floor1,TypeC
1062,2025-04-05T02:31:36.000-04:00,22.53,65.64,BuildingA_Floor2,TypeA
1065,2025-04-07T06:21:22.000-04:00,17.14,61.02,BuildingA_Floor1,TypeB
1070,2025-04-05T10:25:58.000-04:00,32.54,63.79,BuildingB_Floor2,TypeC
1006,2025-04-05T00:10:31.000-04:00,23.35,37.9,BuildingB_Floor2,TypeB
1021,2025-04-04T09:21:18.000-04:00,24.61,64.17,BuildingB_Floor2,TypeB
1027,2025-04-07T02:15:02.000-04:00,31.87,54.71,BuildingA_Floor1,TypeC
1006,2025-04-08T01:05:13.000-04:00,25.71,46.18,BuildingB_Floor1,TypeC
1021,2025-04-05T10:21:07.000-04:00,17.08,69.46,BuildingA_Floor1,TypeC
1023,2025-04-04T08:34:02.000-04:00,23.0,37.44,BuildingB_Floor1,TypeA
1087,2025-04-04T07:33:21.000-04:00,18.25,57.11,BuildingB_Floor1,TypeA
1016,2025-04-08T04:03:57.000-04:00,15.79,38.53,BuildingB_Floor2,TypeC
1095,2025-04-06T03:16:14.000-04:00,25.91,67.29,BuildingA_Floor1,TypeC
1015,2025-04-04T02:28:08.000-04:00,25.32,40.76,BuildingB_Floor1,TypeA
1096,2025-04-07T09:25:31.000-04:00,33.37,59.3,BuildingA_Floor2,TypeC
1013,2025-04-07T18:17:32.000-04:00,17.45,70.25,BuildingB_Floor1,TypeC
1040,2025-04-07T11:18:23.000-04:00,17.31,59.11,BuildingA_Floor2,TypeB
1084,2025-04-04T21:00:16.000-04:00,16.14,53.81,BuildingA_Floor1,TypeA
1064,2025-04-07T02:15:49.000-04:00,28.88,62.91,BuildingA_Floor1,TypeA
1005,2025-04-03T15:21:19.000-04:00,17.7,58.56,BuildingB_Floor2,TypeC
1033,2025-04-08T07:02:13.000-04:00,27.04,63.41,BuildingA_Floor1,TypeA
1053,2025-04-07T17:32:17.000-04:00,19.36,54.45,BuildingA_Floor2,TypeC
1095,2025-04-05T02:27:29.000-04:00,19.26,37.75,BuildingA_Floor1,TypeB
1086,2025-04-04T23:11:43.000-04:00,30.92,72.88,BuildingA_Floor1,TypeC
1077,2025-04-03T22:23:01.000-04:00,32.16,60.62,BuildingB_Floor1,TypeA
1078,2025-04-05T06:19:36.000-04:00,17.67,52.91,BuildingB_Floor1,TypeB
1075,2025-04-07T03:55:35.000-04:00,20.89,78.06,BuildingB_Floor1,TypeA
1027,2025-04-04T02:59:07.000-04:00,28.97,61.22,BuildingA_Floor1,TypeB
1010,2025-04-05T04:23:02.000-04:00,25.57,50.45,BuildingB_Floor1,TypeB
1060,2025-04-04T20:53:22.000-04:00,21.55,64.39,BuildingA_Floor1,TypeA
1068,2025-04-05T14:37:42.000-04:00,24.79,56.7,BuildingB_Floor2,TypeC
1072,2025-04-04T03:39:33.000-04:00,21.6,63.34,BuildingB_Floor1,TypeA
1046,2025-04-06T14:21:18.000-04:00,17.55,38.02,BuildingA_Floor1,TypeC
1100,2025-04-06T11:44:51.000-04:00,24.73,32.68,BuildingB_Floor2,TypeC
1098,2025-04-06T19:32:12.000-04:00,34.53,46.46,BuildingA_Floor1,TypeC
1071,2025-04-06T19:48:49.000-04:00,28.68,50.37,BuildingA_Floor2,TypeB
1056,2025-04-04T14:15:41.000-04:00,28.01,50.42,BuildingA_Floor2,TypeA
1082,2025-04-05T01:13:25.000-04:00,15.15,78.32,BuildingB_Floor1,TypeA
1011,2025-04-07T19:54:10.000-04:00,31.58,66.58,BuildingB_Floor1,TypeA
1057,2025-04-05T10:21:28.000-04:00,24.04,44.43,BuildingA_Floor2,TypeB
1075,2025-04-06T05:36:17.000-04:00,24.27,50.29,BuildingA_Floor1,TypeA
1008,2025-04-05T11:28:52.000-04:00,17.71,63.88,BuildingA_Floor2,TypeA
1080,2025-04-07T12:56:47.000-04:00,20.48,52.84,BuildingA_Floor1,TypeB
1053,2025-04-07T05:15:45.000-04:00,24.9,56.53,BuildingA_Floor1,TypeC
1019,2025-04-06T00:36:37.000-04:00,30.44,66.27,BuildingB_Floor1,TypeB
1040,2025-04-06T04:30:56.000-04:00,25.37,75.08,BuildingA_Floor1,TypeA
1025,2025-04-07T00:02:44.000-04:00,23.95,67.22,BuildingB_Floor1,TypeC
1063,2025-04-04T12:18:10.000-04:00,15.85,66.58,BuildingB_Floor1,TypeB
1079,2025-04-04T05:28:52.000-04:00,18.16,66.68,BuildingA_Floor1,TypeB
1039,2025-04-08T04:38:51.000-04:00,32.04,62.89,BuildingB_Floor2,TypeC
1013,2025-04-03T15:13:55.000-04:00,34.67,49.75,BuildingB_Floor1,TypeC
1049,2025-04-05T11:42:31.000-04:00,31.99,59.21,BuildingB_Floor1,TypeB
1025,2025-04-05T09:53:51.000-04:00,34.66,40.3,BuildingB_Floor2,TypeC
1070,2025-04-04T04:55:39.000-04:00,20.97,43.31,BuildingA_Floor2,TypeA
1081,2025-04-05T08:55:15.000-04:00,15.68,52.86,BuildingA_Floor1,TypeA
1073,2025-04-06T21:26:19.000-04:00,28.85,48.72,BuildingB_Floor2,TypeC
1048,2025-04-04T11:45:58.000-04:00,33.12,46.77,BuildingA_Floor1,TypeC
1046,2025-04-07T04:51:50.000-04:00,21.89,43.97,BuildingB_Floor1,TypeB
1009,2025-04-04T12:48:31.000-04:00,15.78,35.98,BuildingA_Floor2,TypeA
1060,2025-04-04T04:07:56.000-04:00,22.67,59.74,BuildingA_Floor1,TypeB
1055,2025-04-07T14:27:57.000-04:00,26.58,45.69,BuildingB_Floor2,TypeA
1051,2025-04-07T10:49:01.000-04:00,22.75,34.18,BuildingA_Floor2,TypeA
1042,2025-04-07T21:11:40.000-04:00,17.84,79.65,BuildingB_Floor1,TypeA
1081,2025-04-08T09:38:16.000-04:00,16.61,69.85,BuildingA_Floor1,TypeB
1062,2025-04-08T03:05:31.000-04:00,28.04,78.84,BuildingA_Floor1,TypeA
1053,2025-04-08T04:00:39.000-04:00,33.35,39.27,BuildingA_Floor1,TypeB
1050,2025-04-04T16:53:15.000-04:00,32.15,76.26,BuildingB_Floor1,TypeB
1033,2025-04-08T07:51:37.000-04:00,28.64,59.07,BuildingB_Floor2,TypeB
1079,2025-04-06T11:00:11.000-04:00,27.84,37.02,BuildingA_Floor1,TypeB
1062,2025-04-05T09:22:21.000-04:00,23.37,40.07,BuildingA_Floor2,TypeC
1014,2025-04-07T14:08:41.000-04:00,22.18,40.39,BuildingA_Floor1,TypeA
1014,2025-04-05T23:11:30.000-04:00,22.78,54.1,BuildingA_Floor1,TypeA
1002,2025-04-04T02:35:39.000-04:00,16.55,42.53,BuildingB_Floor1,TypeC
1020,2025-04-05T01:21:31.000-04:00,33.48,76.02,BuildingA_Floor1,TypeB
1072,2025-04-04T05:57:15.000-04:00,17.36,50.16,BuildingB_Floor1,TypeA
1089,2025-04-06T10:31:17.000-04:00,21.8,43.46,BuildingA_Floor2,TypeA
1064,2025-04-07T02:24:49.000-04:00,31.79,72.53,BuildingB_Floor1,TypeB
1030,2025-04-07T17:15:24.000-04:00,19.41,53.54,BuildingB_Floor2,TypeB
1087,2025-04-07T02:27:00.000-04:00,27.51,36.64,BuildingB_Floor2,TypeA
1068,2025-04-08T06:49:15.000-04:00,18.88,43.86,BuildingB_Floor2,TypeB
1069,2025-04-06T17:02:43.000-04:00,26.92,67.06,BuildingB_Floor1,TypeC
1034,2025-04-08T04:32:47.000-04:00,30.21,37.95,BuildingB_Floor1,TypeB
1048,2025-04-05T12:37:02.000-04:00,18.59,78.14,BuildingA_Floor1,TypeB
1048,2025-04-08T06:01:12.000-04:00,34.58,78.83,BuildingB_Floor1,TypeB
1034,2025-04-07T20:54:03.000-04:00,32.21,44.15,BuildingA_Floor2,TypeC
1075,2025-04-05T11:01:27.000-04:00,23.8,75.47,BuildingA_Floor1,TypeB
1088,2025-04-06T16:39:14.000-04:00,19.07,36.02,BuildingB_Floor1,TypeC
1070,2025-04-05T15:04:53.000-04:00,16.82,71.8,BuildingA_Floor2,TypeA
1061,2025-04-06T11:16:18.000-04:00,21.31,68.82,BuildingA_Floor2,TypeB
1002,2025-04-05T14:35:08.000-04:00,22.65,37.09,BuildingB_Floor2,TypeC
1050,2025-04-06T09:06:43.000-04:00,24.29,63.08,BuildingA_Floor1,TypeB
1070,2025-04-04T16:49:59.000-04:00,28.26,50.55,BuildingA_Floor1,TypeB
1044,2025-04-05T14:44:23.000-04:00,27.58,40.72,BuildingB_Floor1,TypeB
1037,2025-04-08T07:58:03.000-04:00,15.47,57.21,BuildingA_Floor2,TypeC
1064,2025-04-05T13:05:15.000-04:00,32.57,63.42,BuildingA_Floor1,TypeA
1031,2025-04-05T13:26:04.000-04:00,25.33,75.84,BuildingA_Floor2,TypeB
1009,2025-04-04T06:55:25.000-04:00,33.32,53.32,BuildingB_Floor1,TypeA
1027,2025-04-05T20:31:06.000-04:00,25.01,76.4,BuildingB_Floor1,TypeB
1003,2025-04-07T03:00:22.000-04:00,27.95,38.33,BuildingB_Floor2,TypeB
1022,2025-04-06T16:19:57.000-04:00,23.99,30.74,BuildingB_Floor2,TypeC
1039,2025-04-07T09:04:43.000-04:00,28.69,35.95,BuildingA_Floor1,TypeA
1057,2025-04-05T07:23:35.000-04:00,32.67,62.02,BuildingA_Floor1,TypeC
1040,2025-04-06T05:45:13.000-04:00,26.79,59.54,BuildingB_Floor2,TypeA
1053,2025-04-05T22:18:37.000-04:00,32.67,62.79,BuildingA_Floor2,TypeB
1090,2025-04-06T04:44:48.000-04:00,31.94,43.93,BuildingA_Floor1,TypeC
1037,2025-04-05T07:47:53.000-04:00,22.68,63.48,BuildingB_Floor2,TypeA
1012,2025-04-04T16:19:28.000-04:00,24.16,33.23,BuildingB_Floor2,TypeC
1097,2025-04-07T14:11:06.000-04:00,21.95,56.23,BuildingB_Floor2,TypeB
1078,2025-04-04T23:15:46.000-04:00,28.6,66.48,BuildingA_Floor1,TypeB
1021,2025-04-05T23:40:04.000-04:00,24.63,37.69,BuildingA_Floor2,TypeC
1045,2025-04-03T22:09:32.000-04:00,19.22,51.86,BuildingA_Floor2,TypeC
1066,2025-04-03T11:32:42.000-04:00,26.54,63.39,BuildingA_Floor1,TypeB
1033,2025-04-06T01:20:01.000-04:00,25.36,31.5,BuildingA_Floor1,TypeA
1033,2025-04-05T06:58:19.000-04:00,32.83,70.77,BuildingB_Floor2,TypeC
1069,2025-04-08T05:24:59.000-04:00,16.61,49.4,BuildingB_Floor1,TypeB
1017,2025-04-08T01:13:39.000-04:00,25.41,64.25,BuildingB_Floor1,TypeA
1080,2025-04-04T22:38:23.000-04:00,33.83,71.88,BuildingB_Floor1,TypeA
1093,2025-04-03T23:55:27.000-04:00,26.39,34.86,BuildingB_Floor1,TypeA
1027,2025-04-06T11:07:30.000-04:00,20.8,72.55,BuildingA_Floor1,TypeC
1083,2025-04-06T17:25:41.000-04:00,29.37,58.53,BuildingB_Floor1,TypeC
1079,2025-04-07T18:18:38.000-04:00,28.05,42.12,BuildingA_Floor1,TypeB
1057,2025-04-03T11:26:22.000-04:00,23.62,58.31,BuildingA_Floor2,TypeC
1015,2025-04-05T00:27:25.000-04:00,17.18,36.31,BuildingB_Floor2,TypeC
1027,2025-04-08T08:31:40.000-04:00,15.63,45.66,BuildingB_Floor2,TypeC
1018,2025-04-07T09:21:10.000-04:00,33.61,46.71,BuildingA_Floor2,TypeB
1033,2025-04-04T08:56:56.000-04:00,24.92,33.07,BuildingA_Floor2,TypeB
1017,2025-04-04T09:04:22.000-04:00,22.8,68.53,BuildingA_Floor1,TypeA
1052,2025-04-04T10:17:24.000-04:00,16.57,74.85,BuildingA_Floor2,TypeC
1064,2025-04-04T08:33:42.000-04:00,15.03,33.96,BuildingB_Floor2,TypeB
1023,2025-04-06T02:52:18.000-04:00,15.81,75.52,BuildingB_Floor2,TypeC
1007,2025-04-08T02:43:46.000-04:00,25.83,72.81,BuildingA_Floor2,TypeB
1030,2025-04-04T22:20:28.000-04:00,34.17,79.91,BuildingB_Floor2,TypeA
1041,2025-04-04T06:29:57.000-04:00,28.57,71.87,BuildingB_Floor2,TypeB
1062,2025-04-07T08:15:42.000-04:00,27.73,72.27,BuildingB_Floor2,TypeB
1000,2025-04-03T22:10:06.000-04:00,29.06,36.13,BuildingA_Floor2,TypeA
1024,2025-04-08T05:31:21.000-04:00,16.8,69.99,BuildingA_Floor1,TypeC
1063,2025-04-07T14:06:32.000-04:00,28.26,46.75,BuildingA_Floor2,TypeC
1065,2025-04-04T02:44:37.000-04:00,31.69,60.84,BuildingB_Floor2,TypeA
1046,2025-04-04T21:42:31.000-04:00,31.36,61.74,BuildingB_Floor1,TypeC
1013,2025-04-06T03:43:35.000-04:00,27.21,51.48,BuildingA_Floor1,TypeA
1027,2025-04-07T10:59:57.000-04:00,28.3,70.36,BuildingA_Floor1,TypeA
1033,2025-04-04T15:52:41.000-04:00,22.29,71.11,BuildingA_Floor1,TypeA
1039,2025-04-08T05:04:30.000-04:00,32.53,54.17,BuildingB_Floor2,TypeA
1006,2025-04-08T01:59:50.000-04:00,21.72,64.46,BuildingA_Floor1,TypeA
1065,2025-04-07T02:39:36.000-04:00,33.18,62.49,BuildingB_Floor1,TypeA
1077,2025-04-06T17:42:20.000-04:00,32.5,49.48,BuildingB_Floor2,TypeC
1062,2025-04-03T13:16:13.000-04:00,22.01,48.03,BuildingB_Floor1,TypeA
1092,2025-04-04T11:19:26.000-04:00,19.92,67.72,BuildingA_Floor2,TypeB
1055,2025-04-07T21:42:54.000-04:00,31.0,43.48,BuildingB_Floor2,TypeB
1057,2025-04-08T05:00:02.000-04:00,15.81,43.08,BuildingB_Floor1,TypeC
1050,2025-04-05T22:31:57.000-04:00,29.06,73.7,BuildingB_Floor2,TypeC
1068,2025-04-05T14:10:37.000-04:00,17.88,71.03,BuildingB_Floor1,TypeA
1055,2025-04-05T10:02:23.000-04:00,28.04,38.61,BuildingA_Floor1,TypeC
1098,2025-04-03T20:51:10.000-04:00,19.72,39.33,BuildingB_Floor1,TypeB
1055,2025-04-04T16:04:03.000-04:00,16.44,38.37,BuildingA_Floor2,TypeC
1026,2025-04-07T10:41:12.000-04:00,25.58,67.9,BuildingA_Floor1,TypeB
1017,2025-04-04T02:07:28.000-04:00,33.49,30.18,BuildingB_Floor2,TypeB
1080,2025-04-05T16:45:21.000-04:00,32.99,43.1,BuildingA_Floor1,TypeB
1076,2025-04-04T06:56:25.000-04:00,34.35,61.17,BuildingB_Floor2,TypeB
1002,2025-04-06T15:21:13.000-04:00,17.64,73.45,BuildingB_Floor2,TypeC
1034,2025-04-05T09:04:02.000-04:00,30.35,77.88,BuildingA_Floor1,TypeB
1095,2025-04-07T16:21:19.000-04:00,25.82,59.7,BuildingB_Floor2,TypeA
1083,2025-04-03T21:55:31.000-04:00,15.13,33.91,BuildingB_Floor1,TypeB
1055,2025-04-08T06:47:37.000-04:00,24.15,64.79,BuildingB_Floor1,TypeB
1039,2025-04-07T22:25:56.000-04:00,15.52,69.96,BuildingB_Floor2,TypeB
1063,2025-04-05T02:23:18.000-04:00,27.0,51.13,BuildingB_Floor2,TypeC
1093,2025-04-07T00:09:41.000-04:00,30.63,52.1,BuildingB_Floor1,TypeA
1015,2025-04-05T01:28:12.000-04:00,32.19,61.92,BuildingB_Floor1,TypeA
1052,2025-04-06T04:30:36.000-04:00,22.93,78.24,BuildingA_Floor2,TypeC
1004,2025-04-05T07:41:03.000-04:00,17.39,63.26,BuildingB_Floor2,TypeA
1044,2025-04-04T00:01:18.000-04:00,21.67,46.35,BuildingA_Floor2,TypeA
1094,2025-04-03T13:28:52.000-04:00,33.59,58.79,BuildingA_Floor1,TypeA
1071,2025-04-05T05:52:07.000-04:00,16.48,52.71,BuildingB_Floor2,TypeA
1070,2025-04-06T21:01:54.000-04:00,24.37,64.64,BuildingB_Floor2,TypeB
1095,2025-04-07T17:54:30.000-04:00,31.54,70.61,BuildingB_Floor2,TypeA
1061,2025-04-03T19:17:26.000-04:00,27.84,60.78,BuildingB_Floor2,TypeB
1019,2025-04-03T15:42:12.000-04:00,17.77,50.39,BuildingB_Floor2,TypeC
1009,2025-04-05T16:00:23.000-04:00,20.37,40.92,BuildingB_Floor1,TypeC
1085,2025-04-04T17:36:59.000-04:00,19.6,64.4,BuildingA_Floor1,TypeC
1041,2025-04-08T03:57:53.000-04:00,17.97,66.13,BuildingA_Floor1,TypeA
1039,2025-04-08T10:25:21.000-04:00,31.19,33.79,BuildingB_Floor2,TypeB
1005,2025-04-06T15:03:24.000-04:00,21.76,58.5,BuildingB_Floor2,TypeA
1051,2025-04-07T14:34:08.000-04:00,25.97,70.46,BuildingB_Floor1,TypeC
1081,2025-04-08T04:58:23.000-04:00,15.74,30.46,BuildingA_Floor1,TypeA
1070,2025-04-06T08:02:20.000-04:00,34.72,47.68,BuildingB_Floor1,TypeC
1015,2025-04-08T01:53:35.000-04:00,18.88,50.11,BuildingB_Floor2,TypeC
1098,2025-04-05T21:45:28.000-04:00,26.1,34.67,BuildingB_Floor2,TypeC
1032,2025-04-04T05:20:29.000-04:00,25.44,48.27,BuildingA_Floor1,TypeA
1042,2025-04-07T19:58:50.000-04:00,17.92,37.51,BuildingB_Floor1,TypeB
1038,2025-04-06T12:41:19.000-04:00,29.9,35.11,BuildingB_Floor2,TypeC
1071,2025-04-03T22:52:18.000-04:00,30.04,73.9,BuildingA_Floor2,TypeC
1036,2025-04-03T19:04:22.000-04:00,23.37,38.08,BuildingB_Floor1,TypeA
1020,2025-04-06T13:05:38.000-04:00,23.9,63.87,BuildingB_Floor1,TypeA
1057,2025-04-06T18:03:58.000-04:00,26.69,72.31,BuildingA_Floor2,TypeB
1072,2025-04-05T13:13:24.000-04:00,22.13,41.68,BuildingA_Floor1,TypeA
1095,2025-04-03T18:49:58.000-04:00,16.05,57.11,BuildingA_Floor1,TypeA
1069,2025-04-06T17:57:04.000-04:00,24.66,33.57,BuildingA_Floor2,TypeC
1087,2025-04-03T17:21:20.000-04:00,21.97,52.45,BuildingB_Floor2,TypeC
1095,2025-04-06T05:16:47.000-04:00,17.57,30.44,BuildingB_Floor2,TypeC
1066,2025-04-08T04:40:05.000-04:00,33.2,58.48,BuildingB_Floor2,TypeB
1086,2025-04-05T19:51:38.000-04:00,20.05,38.34,BuildingB_Floor1,TypeA
1024,2025-04-07T05:20:01.000-04:00,29.83,50.77,BuildingA_Floor1,TypeB
1018,2025-04-06T18:58:14.000-04:00,17.92,73.49,BuildingB_Floor1,TypeB
1099,2025-04-07T17:42:52.000-04:00,32.74,34.25,BuildingB_Floor2,TypeB
1067,2025-04-05T14:44:26.000-04:00,18.55,46.83,BuildingA_Floor2,TypeA
1041,2025-04-04T10:23:35.000-04:00,24.73,40.58,BuildingB_Floor2,TypeC
1089,2025-04-06T01:27:56.000-04:00,27.32,74.25,BuildingB_Floor1,TypeB
1032,2025-04-07T02:09:17.000-04:00,22.98,72.97,BuildingB_Floor2,TypeA
1008,2025-04-07T21:26:05.000-04:00,27.4,61.9,BuildingB_Floor1,TypeB
1073,2025-04-03T16:00:54.000-04:00,24.73,34.86,BuildingA_Floor2,TypeC
1054,2025-04-07T22:53:32.000-04:00,31.63,41.2,BuildingA_Floor2,TypeB
1072,2025-04-08T05:14:17.000-04:00,33.77,57.3,BuildingA_Floor1,TypeC
1035,2025-04-03T10:56:43.000-04:00,23.28,75.27,BuildingA_Floor2,TypeC
1005,2025-04-05T03:32:41.000-04:00,18.84,42.3,BuildingB_Floor1,TypeA
1060,2025-04-04T10:47:23.000-04:00,24.53,75.82,BuildingB_Floor2,TypeA
1061,2025-04-06T08:13:51.000-04:00,27.85,47.63,BuildingB_Floor2,TypeC
1061,2025-04-04T06:13:29.000-04:00,23.46,42.74,BuildingB_Floor1,TypeB
1092,2025-04-03T19:12:39.000-04:00,30.08,40.42,BuildingB_Floor2,TypeB
1070,2025-04-07T08:24:01.000-04:00,22.02,74.18,BuildingB_Floor1,TypeB
1024,2025-04-07T05:38:22.000-04:00,25.88,67.42,BuildingB_Floor1,TypeA
1096,2025-04-08T05:36:29.000-04:00,22.14,56.54,BuildingA_Floor1,TypeA
1056,2025-04-03T15:00:27.000-04:00,17.66,63.88,BuildingA_Floor2,TypeB
1094,2025-04-07T18:47:01.000-04:00,34.07,61.27,BuildingA_Floor1,TypeB
1044,2025-04-06T17:08:02.000-04:00,33.11,78.69,BuildingB_Floor2,TypeB
1039,2025-04-04T00:57:24.000-04:00,34.24,49.01,BuildingB_Floor2,TypeB
1009,2025-04-04T16:13:18.000-04:00,30.32,35.19,BuildingA_Floor1,TypeC
1044,2025-04-06T01:57:55.000-04:00,27.88,52.8,BuildingB_Floor2,TypeB
1033,2025-04-07T17:19:15.000-04:00,22.13,76.97,BuildingB_Floor1,TypeA
1014,2025-04-07T09:10:43.000-04:00,27.09,46.31,BuildingA_Floor1,TypeA
1011,2025-04-07T10:23:12.000-04:00,16.03,41.85,BuildingB_Floor2,TypeB
1005,2025-04-04T06:12:38.000-04:00,34.6,49.75,BuildingA_Floor2,TypeC
1000,2025-04-04T13:53:04.000-04:00,25.04,42.44,BuildingB_Floor2,TypeB
1048,2025-04-05T08:10:48.000-04:00,23.96,41.58,BuildingB_Floor1,TypeC
1040,2025-04-06T03:12:26.000-04:00,18.22,59.25,BuildingA_Floor2,TypeC
1056,2025-04-04T14:01:13.000-04:00,21.51,79.38,BuildingA_Floor1,TypeC
1009,2025-04-05T16:27:09.000-04:00,15.88,33.26,BuildingA_Floor1,TypeA
1090,2025-04-03T21:46:44.000-04:00,29.28,74.07,BuildingA_Floor1,TypeB
1097,2025-04-03T16:08:43.000-04:00,19.07,73.95,BuildingA_Floor2,TypeB
1072,2025-04-07T05:11:26.000-04:00,22.08,63.47,BuildingB_Floor2,TypeC
1010,2025-04-05T00:46:58.000-04:00,33.13,72.16,BuildingA_Floor2,TypeA
1023,2025-04-05T20:12:31.000-04:00,29.03,45.41,BuildingA_Floor1,TypeB
1026,2025-04-05T15:59:14.000-04:00,19.57,52.43,BuildingB_Floor1,TypeA
1005,2025-04-07T06:00:22.000-04:00,26.42,53.34,BuildingA_Floor1,TypeC
1061,2025-04-07T03:01:23.000-04:00,16.78,56.04,BuildingB_Floor2,TypeC
1068,2025-04-06T16:45:22.000-04:00,20.62,75.02,BuildingB_Floor1,TypeA
1060,2025-04-04T01:09:21.000-04:00,30.04,51.79,BuildingA_Floor1,TypeB
1003,2025-04-03T11:14:48.000-04:00,15.37,77.06,BuildingB_Floor1,TypeB
1052,2025-04-07T03:37:28.000-04:00,25.81,73.76,BuildingB_Floor2,TypeA
1100,2025-04-07T11:39:32.000-04:00,28.84,44.39,BuildingA_Floor1,TypeA
1012,2025-04-05T18:37:08.000-04:00,34.25,78.72,BuildingB_Floor1,TypeB
1025,2025-04-08T02:39:36.000-04:00,23.42,39.0,BuildingA_Floor1,TypeC
1068,2025-04-04T19:13:58.000-04:00,15.22,53.8,BuildingA_Floor1,TypeA
1091,2025-04-05T06:58:49.000-04:00,29.58,30.59,BuildingA_Floor1,TypeB
1034,2025-04-07T00:01:04.000-04:00,18.91,33.19,BuildingB_Floor2,TypeB
1036,2025-04-07T09:45:38.000-04:00,24.91,56.69,BuildingB_Floor1,TypeB
1099,2025-04-05T08:41:28.000-04:00,22.41,70.47,BuildingB_Floor2,TypeB
1093,2025-04-05T22:42:04.000-04:00,17.81,75.87,BuildingA_Floor2,TypeB
1013,2025-04-07T14:04:50.000-04:00,28.44,77.31,BuildingA_Floor1,TypeB
1096,2025-04-04T13:33:33.000-04:00,22.1,38.22,BuildingA_Floor1,TypeC
1070,2025-04-08T09:39:10.000-04:00,20.27,55.76,BuildingB_Floor2,TypeC
1008,2025-04-05T13:16:13.000-04:00,30.4,33.34,BuildingA_Floor2,TypeB
1006,2025-04-06T01:43:21.000-04:00,24.57,70.61,BuildingB_Floor1,TypeA
1031,2025-04-03T15:18:38.000-04:00,31.47,68.56,BuildingA_Floor1,TypeC
1049,2025-04-05T19:02:24.000-04:00,31.41,36.87,BuildingA_Floor1,TypeC
1085,2025-04-04T17:46:19.000-04:00,23.31,62.71,BuildingB_Floor1,TypeA
1073,2025-04-05T06:45:09.000-04:00,34.15,76.95,BuildingA_Floor2,TypeC
1029,2025-04-04T05:56:34.000-04:00,31.92,31.85,BuildingB_Floor1,TypeB
1001,2025-04-04T00:08:16.000-04:00,21.94,54.08,BuildingA_Floor1,TypeC
1019,2025-04-08T02:47:18.000-04:00,28.45,65.98,BuildingA_Floor2,TypeC
1009,2025-04-06T00:34:15.000-04:00,27.09,71.74,BuildingA_Floor2,TypeA
1023,2025-04-06T13:44:31.000-04:00,21.02,31.91,BuildingB_Floor1,TypeB
1008,2025-04-06T15:43:10.000-04:00,32.49,74.57,BuildingA_Floor1,TypeA
1081,2025-04-08T07:53:59.000-04:00,27.29,32.1,BuildingB_Floor2,TypeC
1012,2025-04-06T22:55:11.000-04:00,19.6,50.6,BuildingB_Floor1,TypeC
1018,2025-04-06T15:30:14.000-04:00,18.56,49.55,BuildingB_Floor2,TypeB
1071,2025-04-06T00:20:11.000-04:00,30.42,34.83,BuildingA_Floor1,TypeA
1005,2025-04-05T10:40:39.000-04:00,31.84,71.75,BuildingA_Floor2,TypeB
1096,2025-04-06T21:26:45.000-04:00,24.57,33.02,BuildingB_Floor2,TypeA
1016,2025-04-07T09:42:03.000-04:00,34.15,36.35,BuildingA_Floor1,TypeA
1069,2025-04-04T22:39:11.000-04:00,34.8,47.65,BuildingB_Floor1,TypeC
1044,2025-04-06T21:45:42.000-04:00,23.86,55.06,BuildingA_Floor2,TypeA
1060,2025-04-06T00:00:49.000-04:00,33.68,42.47,BuildingB_Floor2,TypeC
1058,2025-04-03T13:27:01.000-04:00,27.7,42.29,BuildingB_Floor1,TypeC
1093,2025-04-06T15:13:58.000-04:00,30.8,35.78,BuildingA_Floor1,TypeB
1087,2025-04-04T16:49:18.000-04:00,20.98,71.45,BuildingA_Floor1,TypeA
1009,2025-04-03T15:29:30.000-04:00,29.15,48.14,BuildingA_Floor2,TypeA
1097,2025-04-06T14:27:52.000-04:00,29.7,71.2,BuildingA_Floor1,TypeB
1085,2025-04-07T02:06:19.000-04:00,23.43,42.96,BuildingA_Floor1,TypeA
1095,2025-04-06T05:17:15.000-04:00,31.06,79.32,BuildingA_Floor1,TypeA
1079,2025-04-05T10:56:00.000-04:00,20.35,58.32,BuildingB_Floor2,TypeA
1062,2025-04-08T04:41:07.000-04:00,32.81,69.25,BuildingB_Floor2,TypeA
1011,2025-04-05T16:01:19.000-04:00,27.34,53.57,BuildingB_Floor1,TypeB
1099,2025-04-05T05:17:50.000-04:00,18.88,53.16,BuildingB_Floor1,TypeC
1048,2025-04-06T01:20:37.000-04:00,20.45,74.78,BuildingA_Floor1,TypeC
1072,2025-04-03T22:27:08.000-04:00,23.9,74.06,BuildingA_Floor2,TypeB
1039,2025-04-05T10:46:38.000-04:00,17.21,42.67,BuildingB_Floor1,TypeC
1090,2025-04-05T17:04:13.000-04:00,18.69,39.92,BuildingA_Floor1,TypeC
1048,2025-04-08T02:26:53.000-04:00,28.93,46.42,BuildingA_Floor1,TypeB
1038,2025-04-03T21:40:27.000-04:00,17.54,38.71,BuildingA_Floor1,TypeA
1062,2025-04-04T16:51:48.000-04:00,21.5,47.09,BuildingB_Floor2,TypeA
1099,2025-04-05T02:25:10.000-04:00,23.85,69.01,BuildingB_Floor1,TypeA
1050,2025-04-08T00:01:03.000-04:00,32.69,33.61,BuildingA_Floor1,TypeC
1055,2025-04-05T20:02:19.000-04:00,21.39,37.74,BuildingB_Floor2,TypeB
1067,2025-04-03T18:29:21.000-04:00,29.29,63.76,BuildingB_Floor1,TypeC
1030,2025-04-05T01:27:03.000-04:00,17.26,57.15,BuildingB_Floor1,TypeC
1040,2025-04-06T09:36:20.000-04:00,24.14,77.44,BuildingB_Floor1,TypeA
1051,2025-04-08T02:09:56.000-04:00,29.43,63.25,BuildingA_Floor2,TypeB
1050,2025-04-06T17:25:25.000-04:00,24.87,68.62,BuildingB_Floor2,TypeA
1093,2025-04-05T23:28:06.000-04:00,20.3,64.84,BuildingB_Floor2,TypeC
1025,2025-04-05T18:39:00.000-04:00,20.15,64.03,BuildingA_Floor2,TypeA
1027,2025-04-05T23:17:04.000-04:00,16.99,65.64,BuildingA_Floor1,TypeA
1020,2025-04-08T05:27:46.000-04:00,23.94,47.0,BuildingA_Floor2,TypeC
1046,2025-04-06T09:35:45.000-04:00,27.97,32.08,BuildingA_Floor1,TypeA
1035,2025-04-04T07:29:28.000-04:00,22.13,58.5,BuildingB_Floor2,TypeA
1037,2025-04-04T09:36:01.000-04:00,25.23,40.64,BuildingB_Floor2,TypeC
1070,2025-04-07T15:59:38.000-04:00,28.7,44.04,BuildingB_Floor1,TypeA
1098,2025-04-08T08:28:08.000-04:00,30.85,77.13,BuildingA_Floor1,TypeC
1047,2025-04-03T11:41:52.000-04:00,20.0,41.83,BuildingB_Floor2,TypeB
1091,2025-04-08T01:48:46.000-04:00,21.24,60.49,BuildingA_Floor1,TypeA
1033,2025-04-07T23:32:40.000-04:00,30.36,53.77,BuildingB_Floor2,TypeB
1000,2025-04-03T22:39:52.000-04:00,23.01,71.47,BuildingA_Floor1,TypeA
1045,2025-04-06T00:10:19.000-04:00,27.8,77.47,BuildingB_Floor1,TypeB
1080,2025-04-04T10:34:55.000-04:00,21.26,54.64,BuildingA_Floor1,TypeA
1018,2025-04-07T12:22:04.000-04:00,18.83,72.62,BuildingB_Floor2,TypeA
1079,2025-04-05T03:09:05.000-04:00,31.71,54.73,BuildingB_Floor2,TypeB
1065,2025-04-05T23:13:33.000-04:00,32.43,54.77,BuildingA_Floor2,TypeB
1064,2025-04-06T14:31:59.000-04:00,21.81,65.0,BuildingB_Floor2,TypeA
1047,2025-04-05T08:40:06.000-04:00,18.55,59.45,BuildingA_Floor2,TypeC
1078,2025-04-05T14:08:11.000-04:00,32.37,36.03,BuildingB_Floor2,TypeB
1082,2025-04-07T13:12:54.000-04:00,23.97,36.09,BuildingB_Floor1,TypeC
1005,2025-04-03T23:30:51.000-04:00,24.53,69.72,BuildingB_Floor2,TypeB
1059,2025-04-05T14:43:34.000-04:00,34.33,39.71,BuildingA_Floor2,TypeC
1049,2025-04-06T13:33:46.000-04:00,32.6,69.69,BuildingA_Floor1,TypeB
1009,2025-04-05T05:38:35.000-04:00,28.02,40.85,BuildingB_Floor2,TypeA
1000,2025-04-04T07:00:57.000-04:00,27.99,42.06,BuildingB_Floor1,TypeC
1018,2025-04-08T07:48:19.000-04:00,28.37,73.39,BuildingB_Floor2,TypeB
1051,2025-04-04T11:12:40.000-04:00,29.83,73.82,BuildingA_Floor1,TypeA
1073,2025-04-08T04:19:04.000-04:00,22.07,55.94,BuildingB_Floor1,TypeB
1007,2025-04-08T00:01:00.000-04:00,23.99,38.1,BuildingB_Floor1,TypeA
1072,2025-04-08T08:50:55.000-04:00,15.02,78.92,BuildingA_Floor1,TypeC
1052,2025-04-07T12:41:51.000-04:00,20.12,50.21,BuildingA_Floor1,TypeA
1039,2025-04-04T00:26:06.000-04:00,24.35,36.69,BuildingA_Floor2,TypeC
1015,2025-04-07T09:06:33.000-04:00,24.12,56.97,BuildingB_Floor2,TypeA
1052,2025-04-06T02:00:42.000-04:00,34.55,68.04,BuildingB_Floor2,TypeB
1070,2025-04-05T08:16:03.000-04:00,15.69,37.97,BuildingB_Floor2,TypeA
1088,2025-04-07T04:27:50.000-04:00,29.23,37.59,BuildingB_Floor2,TypeC
1054,2025-04-08T00:53:48.000-04:00,15.84,51.51,BuildingA_Floor2,TypeB
1090,2025-04-06T14:10:06.000-04:00,31.75,34.74,BuildingA_Floor1,TypeC
1021,2025-04-05T19:39:16.000-04:00,24.66,62.31,BuildingB_Floor2,TypeC
1030,2025-04-08T07:06:17.000-04:00,28.35,79.27,BuildingB_Floor1,TypeB
1023,2025-04-03T18:03:28.000-04:00,17.15,51.99,BuildingA_Floor2,TypeA
1063,2025-04-05T01:48:20.000-04:00,28.65,60.62,BuildingA_Floor1,TypeC
1077,2025-04-05T23:44:34.000-04:00,30.39,63.02,BuildingA_Floor2,TypeB
1045,2025-04-06T19:39:13.000-04:00,30.32,37.63,BuildingA_Floor1,TypeA
1089,2025-04-05T22:43:31.000-04:00,29.05,54.64,BuildingB_Floor1,TypeB
1021,2025-04-07T12:48:45.000-04:00,27.56,53.09,BuildingA_Floor1,TypeA
1057,2025-04-05T16:00:02.000-04:00,31.56,44.04,BuildingA_Floor1,TypeB
1000,2025-04-06T03:13:11.000-04:00,20.76,37.79,BuildingB_Floor1,TypeB
1097,2025-04-04T11:35:15.000-04:00,16.64,36.45,BuildingB_Floor2,TypeA
1092,2025-04-04T19:05:01.000-04:00,27.04,58.3,BuildingA_Floor2,TypeA
1005,2025-04-07T02:05:09.000-04:00,31.99,44.45,BuildingA_Floor2,TypeC
1019,2025-04-08T04:45:17.000-04:00,29.16,40.24,BuildingB_Floor2,TypeA
1002,2025-04-06T21:58:57.000-04:00,19.34,54.11,BuildingB_Floor1,TypeC
1000,2025-04-04T13:32:13.000-04:00,21.83,54.84,BuildingA_Floor1,TypeA
1037,2025-04-06T08:46:32.000-04:00,31.63,49.83,BuildingA_Floor2,TypeC
1066,2025-04-04T17:34:12.000-04:00,16.2,33.2,BuildingB_Floor1,TypeB
1036,2025-04-06T09:04:30.000-04:00,17.8,54.85,BuildingB_Floor2,TypeC
1036,2025-04-06T23:56:55.000-04:00,19.06,54.49,BuildingA_Floor1,TypeC
1037,2025-04-03T18:38:17.000-04:00,19.24,43.08,BuildingA_Floor2,TypeA
1011,2025-04-03T15:30:17.000-04:00,24.66,48.54,BuildingB_Floor1,TypeB
1003,2025-04-04T00:45:10.000-04:00,30.92,71.56,BuildingB_Floor2,TypeA
1067,2025-04-07T15:06:59.000-04:00,18.12,53.92,BuildingA_Floor1,TypeB
1004,2025-04-03T21:16:04.000-04:00,34.7,31.21,BuildingB_Floor2,TypeB
1033,2025-04-04T02:27:39.000-04:00,22.61,74.59,BuildingB_Floor1,TypeA
1094,2025-04-08T04:25:02.000-04:00,16.97,79.07,BuildingA_Floor2,TypeC
1083,2025-04-06T00:11:01.000-04:00,31.81,65.39,BuildingA_Floor1,TypeA
1056,2025-04-06T12:40:19.000-04:00,28.06,48.88,BuildingB_Floor2,TypeC
1035,2025-04-07T04:34:18.000-04:00,34.56,34.34,BuildingB_Floor1,TypeB
1060,2025-04-05T22:45:58.000-04:00,26.47,46.76,BuildingB_Floor1,TypeC
1053,2025-04-06T14:41:00.000-04:00,18.3,69.63,BuildingB_Floor1,TypeA
1100,2025-04-03T23:50:32.000-04:00,32.12,45.41,BuildingA_Floor1,TypeB
1023,2025-04-06T02:50:32.000-04:00,30.21,37.68,BuildingA_Floor1,TypeB
1073,2025-04-06T16:12:11.000-04:00,29.99,36.31,BuildingB_Floor2,TypeC
1013,2025-04-08T03:00:31.000-04:00,20.25,62.99,BuildingB_Floor1,TypeC
1089,2025-04-05T21:09:11.000-04:00,20.31,33.91,BuildingB_Floor1,TypeC
1049,2025-04-05T18:44:21.000-04:00,18.25,54.25,BuildingA_Floor2,TypeB
1083,2025-04-03T13:22:39.000-04:00,33.6,52.2,BuildingB_Floor2,TypeB
1063,2025-04-04T16:11:36.000-04:00,29.67,57.08,BuildingA_Floor1,TypeC
1019,2025-04-04T07:20:24.000-04:00,31.27,47.27,BuildingA_Floor2,TypeC
1073,2025-04-07T16:02:21.000-04:00,16.84,44.92,BuildingB_Floor1,TypeC
1056,2025-04-07T12:05:45.000-04:00,18.16,73.14,BuildingB_Floor2,TypeA
1100,2025-04-04T05:49:26.000-04:00,29.38,62.96,BuildingB_Floor1,TypeA
1014,2025-04-04T15:12:55.000-04:00,28.53,42.07,BuildingA_Floor2,TypeC
1002,2025-04-05T10:06:49.000-04:00,31.0,58.09,BuildingB_Floor1,TypeA
1060,2025-04-06T15:21:11.000-04:00,27.62,49.37,BuildingB_Floor1,TypeC
1067,2025-04-07T03:45:16.000-04:00,20.68,65.98,BuildingA_Floor2,TypeB
1086,2025-04-06T02:46:56.000-04:00,16.89,65.77,BuildingB_Floor2,TypeA
1016,2025-04-03T17:54:34.000-04:00,34.53,38.47,BuildingA_Floor2,TypeB
1063,2025-04-06T00:03:13.000-04:00,33.44,53.43,BuildingB_Floor1,TypeC
1075,2025-04-08T01:23:20.000-04:00,15.15,60.81,BuildingA_Floor1,TypeB
1099,2025-04-06T23:42:42.000-04:00,28.29,49.14,BuildingB_Floor2,TypeA
1033,2025-04-07T03:22:28.000-04:00,27.72,77.07,BuildingA_Floor2,TypeC
1016,2025-04-08T10:09:14.000-04:00,28.49,58.95,BuildingB_Floor1,TypeC
1029,2025-04-04T05:09:34.000-04:00,15.46,76.46,BuildingB_Floor2,TypeC
1084,2025-04-06T21:25:12.000-04:00,20.14,31.86,BuildingA_Floor2,TypeB
1020,2025-04-03T14:06:09.000-04:00,22.56,62.48,BuildingA_Floor1,TypeB
1061,2025-04-07T07:00:18.000-04:00,23.39,44.32,BuildingA_Floor2,TypeC
1092,2025-04-07T08:47:55.000-04:00,32.56,34.91,BuildingA_Floor1,TypeC
1012,2025-04-04T23:30:35.000-04:00,16.42,46.18,BuildingB_Floor2,TypeA
1032,2025-04-03T17:55:47.000-04:00,26.93,71.74,BuildingA_Floor2,TypeC
1012,2025-04-07T08:21:52.000-04:00,21.43,37.16,BuildingA_Floor2,TypeA
1073,2025-04-05T10:12:58.000-04:00,34.77,70.96,BuildingB_Floor2,TypeB
1099,2025-04-08T10:17:26.000-04:00,16.53,48.21,BuildingA_Floor1,TypeA
1016,2025-04-03T16:30:44.000-04:00,28.9,46.45,BuildingB_Floor1,TypeC
1000,2025-04-07T13:54:54.000-04:00,18.7,41.11,BuildingB_Floor1,TypeC
1093,2025-04-05T09:14:26.000-04:00,18.97,50.91,BuildingB_Floor1,TypeC
1098,2025-04-07T15:13:01.000-04:00,32.33,72.63,BuildingB_Floor1,TypeC
1094,2025-04-06T20:10:36.000-04:00,33.54,44.12,BuildingB_Floor1,TypeA
1015,2025-04-03T21:08:23.000-04:00,25.88,55.78,BuildingA_Floor2,TypeB
1070,2025-04-03T18:17:55.000-04:00,25.13,33.2,BuildingA_Floor1,TypeC
1050,2025-04-04T01:43:39.000-04:00,27.17,67.64,BuildingA_Floor2,TypeA
1072,2025-04-04T07:25:10.000-04:00,20.98,37.72,BuildingA_Floor2,TypeC
1012,2025-04-05T15:30:53.000-04:00,26.43,49.07,BuildingA_Floor1,TypeC
1041,2025-04-04T18:24:34.000-04:00,20.01,76.7,BuildingA_Floor1,TypeC
1088,2025-04-06T00:13:27.000-04:00,17.87,47.54,BuildingB_Floor2,TypeA
1100,2025-04-07T02:40:02.000-04:00,19.22,44.49,BuildingB_Floor2,TypeC
1038,2025-04-04T12:02:04.000-04:00,19.43,70.2,BuildingB_Floor2,TypeC
1055,2025-04-04T09:21:45.000-04:00,29.1,61.53,BuildingA_Floor1,TypeA
1008,2025-04-07T06:48:03.000-04:00,15.16,76.72,BuildingA_Floor2,TypeB
1074,2025-04-04T21:48:52.000-04:00,18.72,37.86,BuildingB_Floor1,TypeC
1053,2025-04-08T08:47:49.000-04:00,25.33,68.49,BuildingB_Floor2,TypeA
1050,2025-04-08T04:38:57.000-04:00,15.33,41.65,BuildingA_Floor1,TypeC
1012,2025-04-03T18:08:39.000-04:00,30.26,54.89,BuildingB_Floor1,TypeC
1046,2025-04-03T11:53:54.000-04:00,16.21,52.46,BuildingB_Floor2,TypeB
1036,2025-04-08T10:18:49.000-04:00,21.83,41.54,BuildingA_Floor1,TypeA
1024,2025-04-08T10:08:10.000-04:00,20.48,37.63,BuildingA_Floor1,TypeC
1094,2025-04-05T23:26:23.000-04:00,19.58,40.58,BuildingA_Floor2,TypeC
1051,2025-04-08T01:37:00.000-04:00,28.38,49.05,BuildingA_Floor2,TypeB
1023,2025-04-04T07:05:04.000-04:00,26.21,76.49,BuildingB_Floor1,TypeA
1083,2025-04-03T12:14:16.000-04:00,27.51,72.01,BuildingB_Floor2,TypeA
1021,2025-04-04T08:44:47.000-04:00,25.18,42.35,BuildingA_Floor1,TypeA
1037,2025-04-04T00:30:12.000-04:00,28.29,39.04,BuildingB_Floor1,TypeA
1061,2025-04-05T07:21:01.000-04:00,26.61,78.51,BuildingB_Floor2,TypeA
1096,2025-04-07T05:43:29.000-04:00,26.45,31.66,BuildingB_Floor1,TypeC
1007,2025-04-07T16:07:19.000-04:00,23.64,40.11,BuildingB_Floor2,TypeC
1028,2025-04-05T21:34:51.000-04:00,20.53,70.66,BuildingA_Floor1,TypeB
1092,2025-04-06T23:38:04.000-04:00,15.98,76.8,BuildingB_Floor2,TypeB
1057,2025-04-05T21:07:03.000-04:00,23.27,79.13,BuildingA_Floor1,TypeC
1082,2025-04-05T01:49:31.000-04:00,33.32,58.6,BuildingA_Floor2,TypeB
1019,2025-04-04T12:58:34.000-04:00,29.72,78.65,BuildingB_Floor2,TypeA
1082,2025-04-04T12:20:23.000-04:00,22.81,55.06,BuildingB_Floor2,TypeB
1040,2025-04-08T00:10:10.000-04:00,27.99,50.95,BuildingB_Floor1,TypeC
1100,2025-04-06T01:10:06.000-04:00,30.11,78.8,BuildingB_Floor1,TypeB
1063,2025-04-04T02:27:31.000-04:00,25.81,42.62,BuildingB_Floor2,TypeB
1041,2025-04-06T13:15:40.000-04:00,23.83,61.45,BuildingA_Floor1,TypeB
1047,2025-04-04T09:00:20.000-04:00,33.67,47.99,BuildingA_Floor1,TypeB
1012,2025-04-05T00:51:09.000-04:00,21.94,34.31,BuildingA_Floor1,TypeB
1000,2025-04-05T00:15:45.000-04:00,33.67,66.32,BuildingA_Floor2,TypeA
1065,2025-04-05T08:40:41.000-04:00,17.22,40.29,BuildingA_Floor1,TypeB
1074,2025-04-07T01:58:22.000-04:00,23.4,58.61,BuildingB_Floor2,TypeA
1027,2025-04-04T04:28:56.000-04:00,29.66,68.53,BuildingA_Floor1,TypeC
1095,2025-04-03T14:50:04.000-04:00,15.95,42.89,BuildingB_Floor1,TypeB
1074,2025-04-06T08:32:33.000-04:00,32.72,62.77,BuildingB_Floor1,TypeA
1017,2025-04-07T08:50:31.000-04:00,19.04,43.55,BuildingB_Floor1,TypeB
1000,2025-04-06T19:45:31.000-04:00,31.85,61.78,BuildingA_Floor2,TypeB
1051,2025-04-07T14:06:10.000-04:00,29.9,61.58,BuildingA_Floor2,TypeB
1030,2025-04-06T21:49:58.000-04:00,22.12,52.87,BuildingB_Floor1,TypeC
1090,2025-04-03T13:04:25.000-04:00,27.0,33.84,BuildingB_Floor1,TypeB
1040,2025-04-08T08:07:39.000-04:00,30.55,51.06,BuildingB_Floor2,TypeC
1061,2025-04-06T17:46:09.000-04:00,18.01,62.37,BuildingB_Floor2,TypeB
1020,2025-04-05T10:08:41.000-04:00,30.46,78.48,BuildingB_Floor2,TypeB
1059,2025-04-08T08:23:25.000-04:00,25.0,59.37,BuildingA_Floor2,TypeA
1060,2025-04-05T03:26:34.000-04:00,29.11,56.07,BuildingB_Floor1,TypeC
1020,2025-04-07T13:35:26.000-04:00,19.47,46.43,BuildingA_Floor1,TypeC
1083,2025-04-07T15:15:14.000-04:00,32.16,50.62,BuildingA_Floor2,TypeA
1033,2025-04-08T06:59:35.000-04:00,25.63,55.62,BuildingA_Floor1,TypeA
1003,2025-04-06T22:31:13.000-04:00,15.24,55.96,BuildingB_Floor1,TypeA
1038,2025-04-07T06:34:24.000-04:00,27.24,68.13,BuildingB_Floor1,TypeB
1049,2025-04-05T06:57:02.000-04:00,26.74,41.04,BuildingA_Floor2,TypeC
1095,2025-04-04T02:22:00.000-04:00,28.44,33.61,BuildingB_Floor1,TypeC
1027,2025-04-05T10:14:09.000-04:00,15.29,59.24,BuildingB_Floor2,TypeB
1055,2025-04-04T22:07:11.000-04:00,23.63,53.87,BuildingB_Floor2,TypeA
1099,2025-04-06T12:50:29.000-04:00,28.3,31.55,BuildingB_Floor2,TypeB
1092,2025-04-08T07:51:23.000-04:00,16.77,70.68,BuildingA_Floor2,TypeC
1065,2025-04-05T22:21:24.000-04:00,33.47,73.05,BuildingB_Floor1,TypeB
1100,2025-04-07T23:01:38.000-04:00,29.33,73.68,BuildingB_Floor2,TypeC
1018,2025-04-03T16:11:00.000-04:00,19.51,50.24,BuildingA_Floor1,TypeA
1086,2025-04-05T13:28:08.000-04:00,29.65,34.7,BuildingB_Floor1,TypeC
1029,2025-04-03T22:11:48.000-04:00,34.5,55.65,BuildingB_Floor1,TypeC
1070,2025-04-03T14:33:57.000-04:00,31.82,32.56,BuildingB_Floor1,TypeC
1045,2025-04-08T01:24:02.000-04:00,26.2,54.66,BuildingA_Floor2,TypeB
1024,2025-04-06T00:09:05.000-04:00,31.16,54.38,BuildingA_Floor2,TypeB
1091,2025-04-07T13:19:45.000-04:00,31.95,78.68,BuildingB_Floor1,TypeC
1075,2025-04-05T17:31:48.000-04:00,22.64,78.46,BuildingB_Floor1,TypeA
1044,2025-04-04T08:35:11.000-04:00,17.17,31.07,BuildingA_Floor1,TypeC
1056,2025-04-05T03:39:58.000-04:00,33.33,79.82,BuildingA_Floor2,TypeB
1024,2025-04-07T15:06:55.000-04:00,33.77,32.55,BuildingB_Floor2,TypeA
1026,2025-04-08T05:08:54.000-04:00,17.29,38.12,BuildingA_Floor1,TypeC
1006,2025-04-06T12:20:13.000-04:00,28.93,33.96,BuildingA_Floor2,TypeA
1083,2025-04-04T19:11:29.000-04:00,25.08,47.89,BuildingA_Floor1,TypeB
1028,2025-04-06T20:25:10.000-04:00,18.71,69.84,BuildingA_Floor1,TypeC
1048,2025-04-07T05:05:55.000-04:00,18.99,47.24,BuildingA_Floor2,TypeC
1072,2025-04-07T00:51:12.000-04:00,23.59,31.12,BuildingA_Floor1,TypeB
1087,2025-04-04T01:24:51.000-04:00,21.94,36.26,BuildingB_Floor2,TypeA
1089,2025-04-06T16:59:21.000-04:00,33.6,70.22,BuildingB_Floor1,TypeB
1013,2025-04-04T11:02:08.000-04:00,16.73,50.58,BuildingA_Floor1,TypeA
1021,2025-04-07T22:46:09.000-04:00,25.91,49.66,BuildingA_Floor2,TypeA
1033,2025-04-06T05:45:34.000-04:00,18.82,35.37,BuildingB_Floor1,TypeC
1037,2025-04-06T07:05:18.000-04:00,29.64,34.83,BuildingA_Floor2,TypeB
1077,2025-04-05T19:00:07.000-04:00,25.01,43.47,BuildingB_Floor2,TypeA
1048,2025-04-03T22:07:50.000-04:00,15.97,54.07,BuildingA_Floor2,TypeA
1037,2025-04-05T01:49:34.000-04:00,24.71,67.88,BuildingA_Floor1,TypeA
1047,2025-04-06T16:08:19.000-04:00,32.58,67.84,BuildingB_Floor2,TypeB
1079,2025-04-04T06:14:49.000-04:00,19.2,64.17,BuildingB_Floor2,TypeB
1056,2025-04-06T07:26:45.000-04:00,21.44,71.43,BuildingA_Floor1,TypeA
1007,2025-04-06T03:49:37.000-04:00,26.53,63.12,BuildingB_Floor2,TypeA
1099,2025-04-07T04:59:50.000-04:00,25.83,63.71,BuildingA_Floor1,TypeB
1099,2025-04-05T16:19:39.000-04:00,17.28,61.86,BuildingB_Floor2,TypeB
1037,2025-04-05T13:09:03.000-04:00,17.82,38.55,BuildingA_Floor1,TypeA
1048,2025-04-04T13:17:06.000-04:00,18.05,46.28,BuildingA_Floor1,TypeC
1014,2025-04-07T18:17:55.000-04:00,15.14,56.78,BuildingB_Floor1,TypeC
1053,2025-04-07T03:01:40.000-04:00,34.83,54.6,BuildingA_Floor2,TypeA
1027,2025-04-05T07:47:40.000-04:00,28.52,65.59,BuildingB_Floor2,TypeB
1034,2025-04-07T03:13:56.000-04:00,20.51,78.34,BuildingA_Floor1,TypeA
1075,2025-04-07T09:04:22.000-04:00,18.16,47.2,BuildingA_Floor1,TypeB
1061,2025-04-08T05:33:19.000-04:00,23.86,67.14,BuildingB_Floor2,TypeB
1005,2025-04-04T22:26:30.000-04:00,26.81,38.04,BuildingB_Floor1,TypeA
1027,2025-04-04T19:35:54.000-04:00,17.47,30.38,BuildingB_Floor2,TypeA
1033,2025-04-04T04:30:21.000-04:00,20.54,39.64,BuildingA_Floor1,TypeA
1090,2025-04-04T02:18:32.000-04:00,23.51,60.82,BuildingB_Floor2,TypeB
1011,2025-04-05T22:15:03.000-04:00,21.45,57.32,BuildingA_Floor1,TypeC
1083,2025-04-07T15:39:06.000-04:00,31.4,45.23,BuildingA_Floor1,TypeC
1062,2025-04-07T22:05:37.000-04:00,29.03,58.24,BuildingA_Floor1,TypeC
1044,2025-04-05T08:40:58.000-04:00,17.91,51.06,BuildingB_Floor2,TypeC
1015,2025-04-04T23:09:35.000-04:00,19.8,32.61,BuildingA_Floor1,TypeA
1088,2025-04-03T17:56:57.000-04:00,19.35,52.47,BuildingB_Floor2,TypeC
1015,2025-04-06T14:57:37.000-04:00,21.56,65.05,BuildingB_Floor2,TypeB
1090,2025-04-04T09:51:33.000-04:00,31.45,59.22,BuildingA_Floor2,TypeB
1035,2025-04-07T19:50:04.000-04:00,30.99,43.78,BuildingA_Floor1,TypeC
1066,2025-04-07T23:55:38.000-04:00,22.39,79.03,BuildingB_Floor2,TypeA
1048,2025-04-05T23:05:04.000-04:00,33.38,33.21,BuildingB_Floor2,TypeA
1035,2025-04-06T20:05:11.000-04:00,24.7,31.05,BuildingB_Floor1,TypeC
1014,2025-04-08T03:18:33.000-04:00,33.67,53.92,BuildingB_Floor1,TypeC
1089,2025-04-08T03:03:33.000-04:00,32.24,47.07,BuildingA_Floor1,TypeC
1005,2025-04-06T19:14:51.000-04:00,34.88,43.06,BuildingB_Floor1,TypeC
1011,2025-04-07T01:22:26.000-04:00,23.42,56.96,BuildingB_Floor1,TypeA
1015,2025-04-06T06:41:34.000-04:00,25.52,49.02,BuildingA_Floor1,TypeA
1048,2025-04-04T01:52:44.000-04:00,30.66,50.02,BuildingB_Floor1,TypeA
1056,2025-04-05T08:47:17.000-04:00,25.13,61.89,BuildingB_Floor1,TypeA
1097,2025-04-05T01:06:50.000-04:00,27.37,40.44,BuildingB_Floor2,TypeA
1017,2025-04-04T01:20:02.000-04:00,28.7,46.62,BuildingA_Floor1,TypeC
1066,2025-04-07T16:24:43.000-04:00,17.85,49.67,BuildingA_Floor2,TypeB
1023,2025-04-04T20:11:53.000-04:00,22.0,45.75,BuildingA_Floor1,TypeC
1086,2025-04-04T22:25:51.000-04:00,21.46,64.11,BuildingB_Floor1,TypeA
1086,2025-04-06T16:54:48.000-04:00,21.2,31.8,BuildingB_Floor1,TypeA
1007,2025-04-06T01:58:15.000-04:00,22.06,68.63,BuildingA_Floor2,TypeA
1096,2025-04-04T08:07:48.000-04:00,30.68,66.45,BuildingA_Floor2,TypeA
1064,2025-04-06T06:38:06.000-04:00,19.31,62.61,BuildingB_Floor1,TypeB
1054,2025-04-03T16:20:49.000-04:00,23.98,79.46,BuildingA_Floor1,TypeB
1038,2025-04-03T19:05:24.000-04:00,21.07,37.82,BuildingA_Floor2,TypeA
1023,2025-04-06T19:00:29.000-04:00,30.43,57.14,BuildingA_Floor2,TypeC
1006,2025-04-05T08:52:05.000-04:00,20.88,70.05,BuildingB_Floor2,TypeB
1038,2025-04-06T11:54:56.000-04:00,24.45,41.4,BuildingB_Floor2,TypeA
1003,2025-04-03T16:36:56.000-04:00,29.82,73.15,BuildingB_Floor2,TypeC
1082,2025-04-05T00:35:37.000-04:00,28.66,34.78,BuildingB_Floor1,TypeB
1092,2025-04-03T15:47:58.000-04:00,28.06,72.4,BuildingB_Floor2,TypeC
1067,2025-04-07T12:29:24.000-04:00,30.84,65.75,BuildingB_Floor2,TypeC
1003,2025-04-08T00:23:59.000-04:00,27.85,77.55,BuildingB_Floor1,TypeA
1013,2025-04-04T23:05:15.000-04:00,17.87,79.42,BuildingB_Floor1,TypeA
1050,2025-04-05T20:04:25.000-04:00,34.57,42.97,BuildingA_Floor2,TypeA
1016,2025-04-04T12:13:48.000-04:00,33.2,56.39,BuildingA_Floor2,TypeA
1100,2025-04-06T22:04:25.000-04:00,33.72,43.85,BuildingB_Floor2,TypeB
1100,2025-04-06T14:12:05.000-04:00,22.29,34.99,BuildingB_Floor1,TypeB
1047,2025-04-07T03:55:11.000-04:00,24.46,76.0,BuildingB_Floor1,TypeC
1085,2025-04-08T05:21:30.000-04:00,34.98,34.7,BuildingB_Floor1,TypeC
1072,2025-04-05T23:45:53.000-04:00,28.7,49.85,BuildingA_Floor2,TypeC
1049,2025-04-05T09:11:17.000-04:00,18.99,66.69,BuildingB_Floor2,TypeC
1069,2025-04-06T22:35:03.000-04:00,23.5,74.81,BuildingA_Floor1,TypeA
1070,2025-04-04T09:40:15.000-04:00,18.98,37.54,BuildingA_Floor1,TypeA
1093,2025-04-05T07:30:20.000-04:00,32.25,65.23,BuildingA_Floor2,TypeB
1047,2025-04-04T05:55:57.000-04:00,21.79,75.35,BuildingB_Floor2,TypeB
1028,2025-04-04T21:25:40.000-04:00,29.84,56.82,BuildingB_Floor1,TypeB
1007,2025-04-05T00:13:05.000-04:00,18.78,63.65,BuildingB_Floor1,TypeB
1036,2025-04-07T09:13:16.000-04:00,15.75,40.67,BuildingA_Floor2,TypeA
1008,2025-04-04T19:03:24.000-04:00,17.37,74.38,BuildingA_Floor1,TypeC
1083,2025-04-05T18:11:57.000-04:00,30.63,44.01,BuildingB_Floor1,TypeB
1032,2025-04-06T01:59:27.000-04:00,16.64,78.92,BuildingA_Floor2,TypeA
1038,2025-04-04T22:05:12.000-04:00,19.19,72.76,BuildingB_Floor1,TypeA
1035,2025-04-03T12:48:21.000-04:00,16.77,44.68,BuildingA_Floor1,TypeC
1077,2025-04-07T07:45:50.000-04:00,32.06,32.01,BuildingB_Floor2,TypeC
1060,2025-04-04T17:51:40.000-04:00,15.48,62.4,BuildingA_Floor2,TypeB
1055,2025-04-04T04:50:47.000-04:00,16.92,54.04,BuildingB_Floor2,TypeC
1080,2025-04-04T03:36:13.000-04:00,24.64,56.18,BuildingA_Floor1,TypeA
1058,2025-04-08T06:40:20.000-04:00,29.82,56.37,BuildingB_Floor2,TypeA
1089,2025-04-06T00:20:30.000-04:00,20.2,77.82,BuildingB_Floor2,TypeC
1023,2025-04-06T13:39:22.000-04:00,20.22,60.12,BuildingA_Floor2,TypeC
1001,2025-04-06T06:47:42.000-04:00,25.08,41.96,BuildingB_Floor1,TypeA
1038,2025-04-06T18:21:20.000-04:00,26.66,37.91,BuildingB_Floor1,TypeA
1062,2025-04-08T08:27:50.000-04:00,33.23,46.9,BuildingB_Floor1,TypeB
1059,2025-04-08T03:35:40.000-04:00,23.77,45.25,BuildingA_Floor1,TypeA
1093,2025-04-07T11:38:48.000-04:00,25.03,57.76,BuildingB_Floor1,TypeC
1008,2025-04-05T16:00:40.000-04:00,19.1,53.84,BuildingA_Floor1,TypeC
1025,2025-04-05T03:16:40.000-04:00,18.47,68.76,BuildingB_Floor1,TypeA
1070,2025-04-07T09:58:39.000-04:00,15.18,72.44,BuildingA_Floor1,TypeB
1048,2025-04-05T18:37:34.000-04:00,23.28,66.65,BuildingB_Floor1,TypeB
1024,2025-04-06T11:51:56.000-04:00,25.81,51.27,BuildingB_Floor2,TypeC
1074,2025-04-06T19:17:03.000-04:00,19.8,49.22,BuildingA_Floor2,TypeB
1077,2025-04-05T05:39:25.000-04:00,26.46,43.88,BuildingA_Floor2,TypeC
1004,2025-04-06T05:27:03.000-04:00,26.85,66.77,BuildingA_Floor2,TypeA
1055,2025-04-07T02:48:34.000-04:00,16.8,48.1,BuildingA_Floor2,TypeB
1027,2025-04-04T08:49:56.000-04:00,27.9,40.94,BuildingA_Floor1,TypeB
1049,2025-04-04T20:30:53.000-04:00,15.89,39.51,BuildingA_Floor1,TypeC
1073,2025-04-03T18:32:36.000-04:00,28.95,46.74,BuildingA_Floor1,TypeC
1045,2025-04-05T19:09:08.000-04:00,21.62,43.37,BuildingA_Floor1,TypeC
1018,2025-04-05T18:30:22.000-04:00,33.3,64.4,BuildingB_Floor2,TypeB
